user_id,first_name,last_name,email,gender,age,principal_sport,other_sports_of_interest,principal_sport_frequency
1,Alic,Kaemena,akaemena0@4shared.com,Male,18,Senderismo,Handball,Yearly
2,Dorrie,Fountian,dfountian1@craigslist.org,Female,51,Running,Senderismo,Weekly
3,Spenser,Fernandes,sfernandes2@devhub.com,Male,31,Natación,Tennis,Once
4,Andris,Moakson,amoakson3@rediff.com,Male,22,Tennis,Volley,Weekly
5,Elsey,Rathbone,erathbone4@bloglovin.com,Female,23,Natación,Tennis,Seldom
6,Vivianna,Naerup,vnaerup5@sourceforge.net,Female,46,Rafting,Fútbol,Monthly
7,Jobina,Toller,jtoller6@cbslocal.com,Female,56,Ciclismo,Tennis,Never
8,Debbie,Ambrodi,dambrodi7@seattletimes.com,Female,51,Trecking,Rafting,Often
9,Kathryn,Lissenden,klissenden8@quantcast.com,Female,53,Tennis,Running,Monthly
10,Jeannie,Prettejohns,jprettejohns9@theguardian.com,Non-binary,24,Trecking,Running,Once
11,Nike,Clelle,nclellea@csmonitor.com,Genderfluid,33,Natación,Fútbol,Monthly
12,Shoshana,Tenaunt,stenauntb@mozilla.com,Female,49,Running,Senderismo,Monthly
13,Em,Albrook,ealbrookc@netscape.com,Female,29,Running,Ciclismo,Seldom
14,Judah,Fearon,jfearond@phpbb.com,Male,36,Handball,Fútbol,Often
15,Jock,Mothersdale,jmothersdalee@wikimedia.org,Male,58,Handball,Volley,Weekly
16,Kristofor,Holstein,kholsteinf@nature.com,Male,51,Natación,Fútbol,Once
17,Edwin,Battams,ebattamsg@paginegialle.it,Male,38,Fútbol,Handball,Often
18,Stefano,Truman,strumanh@xinhuanet.com,Male,24,Natación,Volley,Once
19,Mohammed,Kincaid,mkincaidi@columbia.edu,Male,69,Volley,Running,Weekly
20,Tova,Chazier,tchazierj@nasa.gov,Female,65,Natación,Fútbol,Once
21,Clarabelle,Pagan,cpagank@constantcontact.com,Female,27,Senderismo,Fútbol,Often
22,Roseanna,Craxford,rcraxfordl@irs.gov,Bigender,21,Ciclismo,Trecking,Weekly
23,Cassondra,Josofovitz,cjosofovitzm@geocities.jp,Female,32,Trecking,Natación,Monthly
24,Nataline,Guillem,nguillemn@opera.com,Female,30,Natación,Handball,Often
25,Waverley,Callendar,wcallendaro@elpais.com,Male,43,Volley,Rafting,Never
26,Edee,MacIllrick,emacillrickp@pbs.org,Female,53,Rafting,Natación,Seldom
27,Vachel,Rolfini,vrolfiniq@amazon.de,Male,22,Tennis,Fútbol,Never
28,Cairistiona,Roskelly,croskellyr@booking.com,Polygender,57,Senderismo,Fútbol,Once
29,Roi,Badgers,rbadgerss@nytimes.com,Male,70,Ciclismo,Tennis,Once
30,Rebeca,Rossborough,rrossborought@freewebs.com,Female,54,Senderismo,Running,Seldom
31,Mattheus,Barnardo,mbarnardou@php.net,Male,26,Tennis,Volley,Weekly
32,Garvey,Housegoe,ghousegoev@nba.com,Male,60,Volley,Running,Weekly
33,Melodie,McCurlye,mmccurlyew@mtv.com,Female,21,Trecking,Senderismo,Never
34,Cynthy,Gillani,cgillanix@wikispaces.com,Female,60,Running,Handball,Monthly
35,Lilly,Seville,lsevilley@reverbnation.com,Female,49,Running,Ciclismo,Once
36,Mirella,Frunks,mfrunksz@trellian.com,Female,54,Handball,Rafting,Never
37,Clevey,Lazonby,clazonby10@rediff.com,Male,59,Handball,Volley,Weekly
38,Dwayne,Inglis,dinglis11@constantcontact.com,Male,34,Tennis,Fútbol,Seldom
39,Uriah,Tschiersch,utschiersch12@usa.gov,Male,37,Tennis,Ciclismo,Weekly
40,Stephanie,Ducker,sducker13@devhub.com,Female,51,Ciclismo,Fútbol,Once
41,Clim,Rapa,crapa14@privacy.gov.au,Male,62,Tennis,Rafting,Daily
42,Percival,Blanchard,pblanchard15@merriam-webster.com,Male,31,Fútbol,Volley,Seldom
43,Coop,Cissell,ccissell16@wordpress.org,Male,69,Trecking,Ciclismo,Often
44,Barri,O'Dowd,bodowd17@arstechnica.com,Male,43,Running,Fútbol,Seldom
45,Kalinda,Heap,kheap18@chronoengine.com,Female,57,Rafting,Handball,Often
46,Salaidh,Brizland,sbrizland19@t.co,Female,70,Ciclismo,Rafting,Often
47,Olympia,Balle,oballe1a@arizona.edu,Female,53,Ciclismo,Running,Monthly
48,Ilene,Scottrell,iscottrell1b@state.tx.us,Female,59,Natación,Ciclismo,Monthly
49,Nikki,Coleridge,ncoleridge1c@drupal.org,Genderqueer,53,Tennis,Running,Often
50,Helyn,Garric,hgarric1d@deviantart.com,Female,25,Handball,Volley,Seldom
51,Darline,Bellenger,dbellenger1e@discovery.com,Female,61,Rafting,Senderismo,Once
52,Candice,Scrace,cscrace1f@cbsnews.com,Female,40,Running,Senderismo,Never
53,Pearline,Batchelder,pbatchelder1g@hubpages.com,Female,60,Rafting,Senderismo,Yearly
54,Mozelle,Byford,mbyford1h@go.com,Bigender,48,Running,Rafting,Never
55,Octavius,Bonnette,obonnette1i@cpanel.net,Genderfluid,56,Volley,Natación,Once
56,Pammie,Nutter,pnutter1j@statcounter.com,Female,31,Senderismo,Fútbol,Weekly
57,Ophelia,Lambol,olambol1k@geocities.jp,Female,32,Natación,Rafting,Never
58,Wald,O'Shavlan,woshavlan1l@google.cn,Agender,31,Rafting,Fútbol,Daily
59,Abram,Mostyn,amostyn1m@addthis.com,Male,68,Fútbol,Senderismo,Daily
60,Ken,Flecknoe,kflecknoe1n@typepad.com,Male,55,Senderismo,Trecking,Daily
61,Wit,Frede,wfrede1o@redcross.org,Male,32,Trecking,Senderismo,Once
62,Rosabella,Worvill,rworvill1p@fotki.com,Female,53,Tennis,Senderismo,Seldom
63,Klarrisa,Curnokk,kcurnokk1q@google.com.au,Female,58,Trecking,Volley,Often
64,Damaris,McNeilley,dmcneilley1r@home.pl,Female,51,Running,Volley,Monthly
65,Townie,McKimmey,tmckimmey1s@springer.com,Male,20,Rafting,Running,Never
66,Candace,Mosdill,cmosdill1t@eepurl.com,Female,64,Senderismo,Ciclismo,Yearly
67,Ros,Churms,rchurms1u@census.gov,Female,30,Fútbol,Volley,Often
68,Reece,Mewburn,rmewburn1v@vinaora.com,Male,22,Fútbol,Tennis,Daily
69,Richmound,Duckett,rduckett1w@baidu.com,Male,57,Trecking,Running,Monthly
70,Zed,Gilluley,zgilluley1x@upenn.edu,Male,37,Rafting,Volley,Monthly
71,Katherina,Palatino,kpalatino1y@java.com,Non-binary,22,Trecking,Rafting,Once
72,Nikita,Dimitresco,ndimitresco1z@dion.ne.jp,Male,34,Tennis,Ciclismo,Monthly
73,Baudoin,Cato,bcato20@stumbleupon.com,Male,26,Rafting,Natación,Seldom
74,Marylee,Filler,mfiller21@auda.org.au,Agender,53,Fútbol,Handball,Weekly
75,Bartholomew,Leonardi,bleonardi22@reverbnation.com,Male,41,Volley,Senderismo,Often
76,Sheffie,O'Scollain,soscollain23@themeforest.net,Male,21,Natación,Trecking,Weekly
77,Bowie,Dulwitch,bdulwitch24@tiny.cc,Male,58,Running,Senderismo,Seldom
78,Dag,Corrigan,dcorrigan25@wikipedia.org,Male,43,Tennis,Rafting,Daily
79,Grantham,Goghin,ggoghin26@macromedia.com,Male,42,Handball,Natación,Once
80,Oralle,Youel,oyouel27@list-manage.com,Female,38,Fútbol,Handball,Once
81,Munroe,McCrohon,mmccrohon28@weibo.com,Male,66,Tennis,Ciclismo,Often
82,Pepillo,Renouf,prenouf29@diigo.com,Male,18,Ciclismo,Trecking,Monthly
83,Anya,Tille,atille2a@taobao.com,Female,39,Trecking,Ciclismo,Once
84,Nicol,Fforde,nfforde2b@hostgator.com,Female,32,Rafting,Handball,Once
85,Nevile,Standbridge,nstandbridge2c@tuttocitta.it,Male,40,Fútbol,Running,Never
86,Vaclav,Clue,vclue2d@icio.us,Male,27,Handball,Trecking,Daily
87,Coleen,Claussen,cclaussen2e@hao123.com,Female,49,Handball,Running,Often
88,Rey,Petric,rpetric2f@nsw.gov.au,Male,31,Running,Tennis,Monthly
89,Peter,Breewood,pbreewood2g@wunderground.com,Male,70,Volley,Handball,Never
90,Ewan,Flannery,eflannery2h@elpais.com,Male,44,Running,Handball,Never
91,Robin,Kobierzycki,rkobierzycki2i@ocn.ne.jp,Female,50,Senderismo,,Often
92,Anne,Matthieson,amatthieson2j@ox.ac.uk,Female,57,Running,Fútbol,Often
93,Bertie,Layhe,blayhe2k@blogs.com,Agender,43,Rafting,Fútbol,Often
94,Janine,Sainz,jsainz2l@umn.edu,Female,43,Trecking,Natación,Daily
95,Ray,Hobbing,rhobbing2m@yale.edu,Genderqueer,45,Volley,Ciclismo,Once
96,Garrett,Hallewell,ghallewell2n@google.cn,Male,70,Natación,Running,Often
97,Ulrike,Camacke,ucamacke2o@flickr.com,Female,63,Tennis,Handball,Weekly
98,Christopher,Cagan,ccagan2p@nationalgeographic.com,Male,59,Volley,Natación,Once
99,Mirelle,Grigoriscu,mgrigoriscu2q@cyberchimps.com,Genderqueer,46,Senderismo,Handball,Once
100,Eddy,Botly,ebotly2r@telegraph.co.uk,Female,43,Senderismo,Handball,Weekly
101,Brandea,Evangelinos,bevangelinos2s@comsenz.com,Female,61,Fútbol,Rafting,Monthly
102,Antonius,Guilloton,aguilloton2t@chron.com,Male,39,Fútbol,Rafting,Seldom
103,Avis,Johnes,ajohnes2u@cnet.com,Female,56,Handball,Ciclismo,Monthly
104,Rustie,Goldes,rgoldes2v@privacy.gov.au,Male,23,Tennis,Natación,Seldom
105,Thedric,Appleford,tappleford2w@statcounter.com,Male,67,Running,Tennis,Daily
106,Esteban,Tucker,etucker2x@yahoo.com,Male,69,Running,Handball,Often
107,Kathie,Vannini,kvannini2y@github.io,Female,40,Natación,Fútbol,Daily
108,Conroy,Gilliat,cgilliat2z@hostgator.com,Male,55,Ciclismo,Rafting,Once
109,Pammi,Hempshall,phempshall30@microsoft.com,Female,39,Trecking,Senderismo,Seldom
110,Hayward,Butt Gow,hbuttgow31@va.gov,Male,62,Running,Natación,Monthly
111,Caddric,Coppard,ccoppard32@mlb.com,Male,40,Trecking,Ciclismo,Monthly
112,Lorette,Torvey,ltorvey33@baidu.com,Genderfluid,59,Handball,Ciclismo,Once
113,Melony,Threlfall,mthrelfall34@yellowbook.com,Female,63,Ciclismo,Natación,Daily
114,Janina,Flintuff,jflintuff35@theguardian.com,Genderfluid,67,Ciclismo,Fútbol,Monthly
115,Noelani,Stapley,nstapley36@ycombinator.com,Female,61,Fútbol,Running,Once
116,Winifield,Stonhard,wstonhard37@dailymail.co.uk,Male,43,Handball,Senderismo,Once
117,Bambi,Beller,bbeller38@apache.org,Female,65,Trecking,Rafting,Daily
118,Jackie,Doody,jdoody39@seesaa.net,Female,62,Ciclismo,Running,Weekly
119,Lester,Strathe,lstrathe3a@blogs.com,Male,48,Volley,Fútbol,Often
120,Guendolen,Bleby,gbleby3b@sogou.com,Bigender,68,Fútbol,Running,Once
121,Reg,de Glanville,rdeglanville3c@wikispaces.com,Male,67,Volley,Handball,Never
122,Caz,Ballendine,cballendine3d@nps.gov,Male,42,Natación,Trecking,Seldom
123,Eliza,Goreisr,egoreisr3e@europa.eu,Genderfluid,68,Running,Natación,Weekly
124,Delbert,Flintoffe,dflintoffe3f@nationalgeographic.com,Male,51,Handball,Ciclismo,Weekly
125,Carlene,MacTimpany,cmactimpany3g@china.com.cn,Female,56,Trecking,Tennis,Seldom
126,Prent,Claringbold,pclaringbold3h@irs.gov,Male,20,Handball,Trecking,Once
127,Sheelah,Enderson,senderson3i@pcworld.com,Female,64,Running,Senderismo,Never
128,Martie,Ameer-Beg,mameerbeg3j@mtv.com,Male,52,Volley,Fútbol,Monthly
129,Max,Ramble,mramble3k@earthlink.net,Female,39,Rafting,Tennis,Monthly
130,Rowan,Posnette,rposnette3l@soundcloud.com,Male,62,Ciclismo,Tennis,Seldom
131,Abner,Jack,ajack3m@businessinsider.com,Male,55,Ciclismo,Volley,Seldom
132,Ruttger,Padefield,rpadefield3n@sohu.com,Male,29,Natación,Trecking,Once
133,Lavinie,Paye,lpaye3o@xrea.com,Female,40,Rafting,Ciclismo,Often
134,Hank,Giacomello,hgiacomello3p@goodreads.com,Male,21,Tennis,Running,Seldom
135,Rafferty,Alsobrook,ralsobrook3q@examiner.com,Male,18,Ciclismo,Fútbol,Often
136,Oliver,Gronaver,ogronaver3r@addtoany.com,Male,32,Rafting,Natación,Monthly
137,Bartholomeo,Raffeorty,braffeorty3s@istockphoto.com,Male,45,Volley,Running,Often
138,Saree,Alessandrucci,salessandrucci3t@wikipedia.org,Genderqueer,48,Rafting,Volley,Once
139,Rickie,Buttriss,rbuttriss3u@ed.gov,Agender,68,Senderismo,Volley,Yearly
140,Denny,McGorley,dmcgorley3v@forbes.com,Male,55,Handball,Fútbol,Weekly
141,Vaughn,Neljes,vneljes3w@go.com,Male,54,Volley,Tennis,Weekly
142,Lorettalorna,Brenard,lbrenard3x@51.la,Female,46,Running,Rafting,Daily
143,Artus,Rudolf,arudolf3y@cloudflare.com,Male,70,Natación,Running,Often
144,Burton,Hatherley,bhatherley3z@aol.com,Male,67,Senderismo,Trecking,Often
145,Rollie,Aglione,raglione40@nydailynews.com,Male,68,Fútbol,Rafting,Often
146,Mercedes,Grigorushkin,mgrigorushkin41@scientificamerican.com,Female,30,Senderismo,Volley,Weekly
147,Archibold,Arkell,aarkell42@infoseek.co.jp,Male,22,Tennis,Volley,Often
148,Bren,Grushin,bgrushin43@house.gov,Male,62,Rafting,Volley,Seldom
149,Bethena,Knyvett,bknyvett44@cnbc.com,Female,45,Fútbol,Tennis,Never
150,Mandi,Thurlbeck,mthurlbeck45@twitter.com,Female,23,Natación,Rafting,Once
151,Pamelina,Dyte,pdyte46@meetup.com,Female,43,Tennis,Handball,Often
152,Matthiew,Gulliford,mgulliford47@so-net.ne.jp,Male,46,Natación,Tennis,Never
153,Maryrose,Jendrys,mjendrys48@patch.com,Female,33,Volley,Ciclismo,Daily
154,Patty,Bingley,pbingley49@stumbleupon.com,Male,40,Fútbol,Senderismo,Seldom
155,Talya,Dauby,tdauby4a@indiegogo.com,Female,29,Tennis,Volley,Weekly
156,Langsdon,Franek,lfranek4b@netlog.com,Male,26,Running,Tennis,Weekly
157,Caitlin,Stobo,cstobo4c@reddit.com,Agender,35,Natación,Ciclismo,Often
158,Daniel,Livsey,dlivsey4d@reuters.com,Male,29,Volley,Tennis,Often
159,Courtney,Demangel,cdemangel4e@pinterest.com,Male,25,Fútbol,Tennis,Often
160,Anna,Crim,acrim4f@nsw.gov.au,Female,54,Rafting,Ciclismo,Yearly
161,Alica,Schultz,aschultz4g@forbes.com,Non-binary,63,Natación,Handball,Often
162,Sara-ann,Ubsdale,subsdale4h@prnewswire.com,Female,27,Rafting,Natación,Seldom
163,Jaquelyn,Thackwray,jthackwray4i@army.mil,Female,50,Running,Rafting,Daily
164,Beilul,Coward,bcoward4j@friendfeed.com,Female,45,Handball,Natación,Monthly
165,Cindi,Lemanu,clemanu4k@wufoo.com,Female,29,Senderismo,Fútbol,Monthly
166,Derek,McDuff,dmcduff4l@gizmodo.com,Male,65,Ciclismo,Tennis,Once
167,Jamey,Wodeland,jwodeland4m@cnet.com,Male,67,Senderismo,Rafting,Yearly
168,Carine,Vanner,cvanner4n@narod.ru,Agender,63,Rafting,Fútbol,Weekly
169,Emmye,Isacq,eisacq4o@shutterfly.com,Female,59,Trecking,Natación,Once
170,Shurlocke,Garlic,sgarlic4p@trellian.com,Male,54,Volley,Senderismo,Often
171,Osbert,Birkett,obirkett4q@drupal.org,Male,41,Trecking,Ciclismo,Monthly
172,Sophia,Digance,sdigance4r@hubpages.com,Genderqueer,52,Fútbol,Handball,Never
173,Andros,Towse,atowse4s@unc.edu,Male,20,Fútbol,Natación,Weekly
174,Eberhard,Lowndes,elowndes4t@chicagotribune.com,Male,59,Fútbol,Rafting,Often
175,Celeste,Honacker,chonacker4u@networksolutions.com,Female,49,Ciclismo,Fútbol,Once
176,Rockey,Stanbra,rstanbra4v@youku.com,Male,55,Handball,Ciclismo,Monthly
177,Cy,Benning,cbenning4w@t-online.de,Male,26,Fútbol,Tennis,Seldom
178,Stern,Dotterill,sdotterill4x@ask.com,Male,32,Volley,Trecking,Seldom
179,Elisabeth,Fennessy,efennessy4y@goo.gl,Female,64,Handball,Fútbol,Daily
180,Alvira,Czapla,aczapla4z@cbc.ca,Non-binary,60,Fútbol,Handball,Weekly
181,Birk,Linskey,blinskey50@is.gd,Male,35,Ciclismo,Running,Weekly
182,Michal,Lettley,mlettley51@a8.net,Male,34,Ciclismo,Fútbol,Weekly
183,Vevay,Cadigan,vcadigan52@indiatimes.com,Female,35,Trecking,Running,Never
184,Joshua,Everist,jeverist53@yellowbook.com,Male,21,Natación,Running,Seldom
185,Conchita,Lytle,clytle54@apple.com,Female,53,Senderismo,Ciclismo,Once
186,Hollie,Cussen,hcussen55@mapy.cz,Female,54,Running,Rafting,Never
187,Casar,Alliband,calliband56@cafepress.com,Male,20,Fútbol,Volley,Often
188,Nehemiah,Wieprecht,nwieprecht57@narod.ru,Male,69,Running,Tennis,Weekly
189,Kelley,O' Shea,koshea58@chicagotribune.com,Female,32,Running,Fútbol,Never
190,Kylie,Bohler,kbohler59@shop-pro.jp,Male,25,Tennis,Trecking,Once
191,Hadleigh,Tomkowicz,htomkowicz5a@dyndns.org,Genderfluid,64,Senderismo,Trecking,Yearly
192,Meyer,Lisciandro,mlisciandro5b@nba.com,Male,20,Handball,Fútbol,Never
193,Maryjo,Darrington,mdarrington5c@about.com,Female,65,Trecking,Fútbol,Often
194,Tiertza,Landre,tlandre5d@discuz.net,Female,53,Running,Rafting,Seldom
195,Marena,Landa,mlanda5e@google.com.hk,Female,34,Rafting,Tennis,Often
196,Manny,Ciobotaru,mciobotaru5f@hubpages.com,Male,43,Rafting,Tennis,Once
197,Alikee,Dunkersley,adunkersley5g@cargocollective.com,Female,68,Ciclismo,Fútbol,Monthly
198,Gisella,Hair,ghair5h@g.co,Female,21,Handball,Senderismo,Weekly
199,Mervin,Bassill,mbassill5i@unesco.org,Male,51,Trecking,Tennis,Weekly
200,Sarene,Kinastan,skinastan5j@independent.co.uk,Female,20,Volley,Natación,Often
201,Locke,Kohlert,lkohlert5k@indiegogo.com,Polygender,53,Ciclismo,Natación,Often
202,Natasha,Ewbank,newbank5l@biglobe.ne.jp,Female,22,Running,Fútbol,Seldom
203,Richard,Moyser,rmoyser5m@gov.uk,Male,51,Trecking,Senderismo,Seldom
204,Allard,Tunnah,atunnah5n@wikispaces.com,Male,40,Fútbol,Tennis,Weekly
205,Amity,Tuffell,atuffell5o@imageshack.us,Female,40,Natación,Handball,Never
206,Annecorinne,Macieja,amacieja5p@freewebs.com,Female,22,Rafting,Volley,Weekly
207,Hermon,Munslow,hmunslow5q@ucla.edu,Male,39,Volley,Fútbol,Weekly
208,Felix,Battill,fbattill5r@tuttocitta.it,Male,39,Running,Natación,Daily
209,Elmo,Beamson,ebeamson5s@eepurl.com,Male,34,Handball,Ciclismo,Never
210,Darryl,Lambersen,dlambersen5t@msn.com,Agender,41,Handball,Trecking,Weekly
211,Dorice,Shipsey,dshipsey5u@time.com,Female,70,Rafting,Natación,Yearly
212,Farrell,Starkie,fstarkie5v@nbcnews.com,Male,49,Senderismo,Fútbol,Monthly
213,Constancia,Piola,cpiola5w@illinois.edu,Female,45,Volley,Senderismo,Never
214,Zahara,Aumerle,zaumerle5x@aboutads.info,Female,25,Handball,Ciclismo,Weekly
215,Kerstin,Chezier,kchezier5y@miibeian.gov.cn,Female,46,Volley,Senderismo,Weekly
216,Manda,Rimell,mrimell5z@sciencedaily.com,Female,58,Tennis,Volley,Once
217,Gilligan,Genge,ggenge60@nationalgeographic.com,Female,42,Volley,Natación,Daily
218,Laurens,Spaducci,lspaducci61@t.co,Male,65,Volley,Handball,Daily
219,Kelila,Elward,kelward62@discovery.com,Female,36,Fútbol,Natación,Often
220,Waite,Lakenton,wlakenton63@sciencedirect.com,Male,31,Trecking,Handball,Never
221,Kym,Jacquemard,kjacquemard64@wix.com,Polygender,57,Ciclismo,Tennis,Monthly
222,Clara,Durrance,cdurrance65@bravesites.com,Female,61,Handball,Ciclismo,Monthly
223,Orbadiah,Kaveney,okaveney66@squidoo.com,Male,46,Handball,Running,Monthly
224,Helaina,Rihosek,hrihosek67@patch.com,Female,33,Rafting,Running,Often
225,Rik,Pulley,rpulley68@homestead.com,Male,22,Rafting,Tennis,Never
226,Johnna,Lackemann,jlackemann69@friendfeed.com,Female,34,Senderismo,Ciclismo,Weekly
227,Ediva,Lorentzen,elorentzen6a@paypal.com,Female,67,Running,Rafting,Never
228,Keri,Staig,kstaig6b@cbslocal.com,Female,66,Volley,Running,Weekly
229,Bev,Colebourne,bcolebourne6c@mtv.com,Agender,41,Senderismo,Handball,Daily
230,Remy,Bodechon,rbodechon6d@cbslocal.com,Female,33,Tennis,Volley,Often
231,Reggie,Stuckley,rstuckley6e@wiley.com,Female,24,Senderismo,Ciclismo,Weekly
232,Paulina,Chmiel,pchmiel6f@ed.gov,Genderfluid,27,Natación,Rafting,Once
233,Portia,Coldtart,pcoldtart6g@webmd.com,Non-binary,37,Natación,Volley,Daily
234,Westbrooke,Nodin,wnodin6h@dailymail.co.uk,Genderqueer,30,Natación,Ciclismo,Once
235,Laurens,Goble,lgoble6i@wordpress.com,Male,38,Handball,Natación,Often
236,Al,Harome,aharome6j@wordpress.com,Male,54,Natación,Rafting,Seldom
237,Sherm,Senogles,ssenogles6k@istockphoto.com,Genderqueer,25,Ciclismo,Trecking,Monthly
238,Nate,Finnigan,nfinnigan6l@google.nl,Male,56,Trecking,Running,Monthly
239,Morgan,Hafford,mhafford6m@earthlink.net,Female,66,Handball,Running,Once
240,Andris,Kupker,akupker6n@dailymail.co.uk,Male,21,Rafting,Fútbol,Daily
241,Neal,Pow,npow6o@deviantart.com,Male,40,Running,Rafting,Weekly
242,Madlen,Stenton,mstenton6p@behance.net,Female,38,Handball,Fútbol,Seldom
243,Angelika,Hardes,ahardes6q@wix.com,Female,69,Senderismo,Natación,Daily
244,Barnett,Castenda,bcastenda6r@netvibes.com,Male,40,Running,Tennis,Weekly
245,Amalee,Howell,ahowell6s@ted.com,Female,58,Natación,Senderismo,Never
246,Jessie,Davidou,jdavidou6t@elpais.com,Bigender,21,Handball,Volley,Weekly
247,Emelen,Bradlaugh,ebradlaugh6u@toplist.cz,Male,70,Handball,Tennis,Daily
248,Leone,Lymbourne,llymbourne6v@yolasite.com,Genderfluid,65,Running,Handball,Never
249,Frazier,Gravells,fgravells6w@china.com.cn,Polygender,50,Trecking,Fútbol,Never
250,Merridie,McGenn,mmcgenn6x@unesco.org,Female,41,Trecking,Senderismo,Once
251,Pip,Dawney,pdawney6y@edublogs.org,Male,50,Rafting,Senderismo,Yearly
252,Jorge,McKerley,jmckerley6z@patch.com,Male,52,Volley,Natación,Never
253,Dori,Batcock,dbatcock70@theglobeandmail.com,Female,44,Natación,Tennis,Daily
254,Sig,Poulsen,spoulsen71@facebook.com,Male,27,Ciclismo,Handball,Daily
255,Shurwood,Durram,sdurram72@xrea.com,Male,18,Ciclismo,Handball,Often
256,Nil,Kordt,nkordt73@bluehost.com,Male,26,Handball,Ciclismo,Once
257,Vivie,MacCourt,vmaccourt74@businessweek.com,Female,20,Tennis,Senderismo,Weekly
258,Clevey,Utterson,cutterson75@discovery.com,Male,22,Running,Natación,Daily
259,Marcelle,McDonogh,mmcdonogh76@technorati.com,Female,29,Fútbol,Natación,Seldom
260,Megen,Guare,mguare77@earthlink.net,Female,24,Senderismo,Fútbol,Monthly
261,Perla,Bizley,pbizley78@shareasale.com,Female,51,Natación,Fútbol,Weekly
262,Holt,Lardeux,hlardeux79@123-reg.co.uk,Male,58,Handball,Running,Seldom
263,Beaufort,Quinn,bquinn7a@amazon.co.jp,Male,40,Handball,Fútbol,Never
264,Rowena,Blakeden,rblakeden7b@hc360.com,Female,21,Volley,Handball,Weekly
265,Christyna,Ziebart,cziebart7c@nps.gov,Female,19,Fútbol,Running,Never
266,Vic,McRobert,vmcrobert7d@tumblr.com,Male,21,Trecking,Volley,Never
267,Gary,Linebarger,glinebarger7e@com.com,Male,27,Rafting,Tennis,Monthly
268,Zane,Horwell,zhorwell7f@google.cn,Male,58,Running,Basketball,Weekly
269,Aubrey,Sinkins,asinkins7g@bbc.co.uk,Male,21,Natación,Volley,Once
270,Toiboid,Menloe,tmenloe7h@dailymotion.com,Genderfluid,38,Volley,Running,Once
271,Gerladina,Gajewski,ggajewski7i@earthlink.net,Female,31,Ciclismo,Fútbol,Often
272,Dannie,Groarty,dgroarty7j@imageshack.us,Female,21,Tennis,Rafting,Weekly
273,Dorotea,Whatford,dwhatford7k@hexun.com,Female,30,Trecking,Tennis,Monthly
274,Nisse,Strangwood,nstrangwood7l@pen.io,Female,55,Natación,Handball,Daily
275,Nathanil,Whyatt,nwhyatt7m@epa.gov,Male,32,Tennis,Running,Weekly
276,Elysha,Orgill,eorgill7n@fema.gov,Female,46,Ciclismo,Handball,Daily
277,Norma,Scoggans,nscoggans7o@alibaba.com,Female,26,Fútbol,Senderismo,Weekly
278,Barry,Shapcote,bshapcote7p@list-manage.com,Male,44,Fútbol,Senderismo,Weekly
279,Kathye,Henrion,khenrion7q@storify.com,Female,51,Ciclismo,Trecking,Monthly
280,Debi,Fessby,dfessby7r@wikia.com,Female,50,Trecking,Natación,Weekly
281,Wenda,Martschke,wmartschke7s@ezinearticles.com,Female,44,Senderismo,Natación,Monthly
282,Vergil,Pluthero,vpluthero7t@cyberchimps.com,Male,57,Senderismo,Ciclismo,Once
283,Forbes,Ben-Aharon,fbenaharon7u@surveymonkey.com,Male,46,Volley,Handball,Weekly
284,Rubia,Putson,rputson7v@naver.com,Female,22,Tennis,Senderismo,Weekly
285,Gregorius,Deverill,gdeverill7w@amazon.co.jp,Male,58,Senderismo,Natación,Seldom
286,Zaria,Jennery,zjennery7x@sitemeter.com,Female,35,Trecking,Running,Once
287,Denver,Hiscocks,dhiscocks7y@wsj.com,Genderfluid,58,Running,Senderismo,Monthly
288,Neysa,Bassindale,nbassindale7z@nydailynews.com,Female,56,Senderismo,Handball,Once
289,Jarib,Stanfield,jstanfield80@ustream.tv,Male,54,Running,Handball,Often
290,Fonzie,Ranshaw,franshaw81@mozilla.com,Male,54,Senderismo,Running,Daily
291,Will,Peach,wpeach82@google.fr,Male,21,Running,Tennis,Weekly
292,Sarge,Parrin,sparrin83@bbc.co.uk,Male,66,Handball,Trecking,Never
293,Pernell,McCarl,pmccarl84@virginia.edu,Male,31,Tennis,Handball,Seldom
294,Morly,Rhydderch,mrhydderch85@google.cn,Male,56,Tennis,Trecking,Seldom
295,Leighton,Brister,lbrister86@symantec.com,Male,66,Ciclismo,Trecking,Weekly
296,Marcelia,Stebbings,mstebbings87@ocn.ne.jp,Female,44,Tennis,Rafting,Never
297,Amber,Foxen,afoxen88@shinystat.com,Female,55,Senderismo,Rafting,Monthly
298,Marybeth,Allman,mallman89@who.int,Female,52,Fútbol,Handball,Daily
299,Sashenka,Doodson,sdoodson8a@youku.com,Female,51,Handball,Natación,Often
300,Alanson,Langton,alangton8b@amazon.de,Male,18,Senderismo,Rafting,Never
301,Temple,Rothert,trothert8c@yellowbook.com,Male,52,Natación,Ciclismo,Once
302,Jeno,Probbings,jprobbings8d@squidoo.com,Male,28,Rafting,Trecking,Once
303,Kaspar,Lunk,klunk8e@chron.com,Polygender,28,Tennis,Natación,Daily
304,Brear,Goudge,bgoudge8f@infoseek.co.jp,Female,53,Running,Tennis,Daily
305,Forester,Dymoke,fdymoke8g@cloudflare.com,Male,52,Tennis,Senderismo,Daily
306,Lenard,Cowden,lcowden8h@biblegateway.com,Male,28,Senderismo,Fútbol,Seldom
307,Cozmo,Bow,cbow8i@umn.edu,Male,62,Natación,Tennis,Once
308,Norrie,Volage,nvolage8j@ed.gov,Male,49,Fútbol,Running,Never
309,Euell,Cale,ecale8k@sphinn.com,Male,59,Tennis,Trecking,Seldom
310,Damon,Jancey,djancey8l@woothemes.com,Male,32,Natación,Volley,Daily
311,Mendie,McLeish,mmcleish8m@amazon.co.uk,Male,50,Rafting,Natación,Daily
312,Melessa,Danilov,mdanilov8n@naver.com,Female,67,Ciclismo,Senderismo,Weekly
313,Trudey,Kovacs,tkovacs8o@mayoclinic.com,Female,49,Rafting,Volley,Yearly
314,Basil,Manass,bmanass8p@un.org,Male,41,Tennis,Running,Once
315,Jdavie,Nise,jnise8q@youtu.be,Male,68,Senderismo,Volley,Daily
316,Hunfredo,Woodwing,hwoodwing8r@4shared.com,Male,68,Running,Tennis,Often
317,Paulette,Dampney,pdampney8s@unesco.org,Genderfluid,43,Fútbol,Senderismo,Weekly
318,Wallis,Jordi,wjordi8t@buzzfeed.com,Genderfluid,46,Tennis,Handball,Daily
319,Reinald,Pogue,rpogue8u@desdev.cn,Male,30,Running,Volley,Seldom
320,Barbara,Pifford,bpifford8v@elpais.com,Female,21,Natación,Ciclismo,Often
321,Derril,Cockayme,dcockayme8w@fotki.com,Male,27,Ciclismo,Running,Monthly
322,Agustin,Andraud,aandraud8x@odnoklassniki.ru,Male,32,Fútbol,Tennis,Never
323,Elnore,Roseby,eroseby8y@dedecms.com,Female,24,Ciclismo,Volley,Once
324,Erminia,Ridgwell,eridgwell8z@goo.gl,Female,29,Rafting,Running,Monthly
325,Mahala,Matyatin,mmatyatin90@csmonitor.com,Female,62,Senderismo,Running,Yearly
326,Westley,Warret,wwarret91@imageshack.us,Male,55,Handball,Trecking,Monthly
327,Claudia,Baudy,cbaudy92@foxnews.com,Female,31,Handball,Ciclismo,Weekly
328,Husein,Purslow,hpurslow93@ebay.co.uk,Male,19,Ciclismo,Tennis,Often
329,Keelby,MacGilpatrick,kmacgilpatrick94@sourceforge.net,Male,36,Rafting,Volley,Yearly
330,Susette,Sturrock,ssturrock95@house.gov,Female,18,Rafting,Basketball,Monthly
331,Patrizio,Spellissy,pspellissy96@bigcartel.com,Male,47,Trecking,Volley,Daily
332,Elvin,Funnell,efunnell97@ezinearticles.com,Male,31,Tennis,Running,Often
333,Penrod,Trevear,ptrevear98@marriott.com,Male,45,Natación,Ciclismo,Seldom
334,Tawsha,Murrum,tmurrum99@hexun.com,Female,69,Rafting,Natación,Monthly
335,Damiano,Creeghan,dcreeghan9a@noaa.gov,Bigender,46,Trecking,Handball,Weekly
336,Anson,Baugh,abaugh9b@paypal.com,Male,23,Volley,Fútbol,Monthly
337,Locke,McKinless,lmckinless9c@unesco.org,Male,63,Tennis,Running,Never
338,Susanetta,Enterle,senterle9d@51.la,Female,23,Natación,Trecking,Seldom
339,Angelle,Higounet,ahigounet9e@goo.ne.jp,Female,53,Fútbol,Volley,Often
340,Lauretta,Pole,lpole9f@4shared.com,Female,39,Senderismo,Natación,Yearly
341,Carolus,Doggart,cdoggart9g@archive.org,Male,68,Volley,Ciclismo,Daily
342,Gauthier,Drache,gdrache9h@nih.gov,Male,40,Ciclismo,Running,Weekly
343,Audi,Spelwood,aspelwood9i@redcross.org,Female,64,Running,Ciclismo,Weekly
344,Wren,Greson,wgreson9j@liveinternet.ru,Female,30,Rafting,Senderismo,Daily
345,Tasia,Mallon,tmallon9k@arizona.edu,Female,69,Ciclismo,Trecking,Daily
346,Sybila,Dougliss,sdougliss9l@reverbnation.com,Agender,28,Trecking,Volley,Monthly
347,Marijo,Ratie,mratie9m@umich.edu,Female,23,Ciclismo,Natación,Once
348,Elnora,Lentsch,elentsch9n@seesaa.net,Female,43,Fútbol,Running,Once
349,Davey,Prati,dprati9o@biblegateway.com,Male,28,Handball,Fútbol,Once
350,Mickie,Ketteringham,mketteringham9p@printfriendly.com,Female,57,Trecking,Volley,Often
351,Ardine,Lupton,alupton9q@squarespace.com,Female,28,Rafting,Tennis,Monthly
352,Janot,Camili,jcamili9r@360.cn,Female,62,Tennis,Trecking,Daily
353,Jere,Paramore,jparamore9s@toplist.cz,Bigender,31,Rafting,Handball,Once
354,Gran,Georgius,ggeorgius9t@nyu.edu,Male,31,Ciclismo,Natación,Daily
355,Samantha,Kybird,skybird9u@quantcast.com,Female,62,Fútbol,Senderismo,Never
356,Tallie,McCollum,tmccollum9v@illinois.edu,Female,31,Tennis,Trecking,Once
357,Sigfrid,Ellingham,sellingham9w@topsy.com,Male,62,Natación,Running,Weekly
358,Ty,Jimmison,tjimmison9x@kickstarter.com,Non-binary,47,Fútbol,Rafting,Daily
359,Garrard,Tregale,gtregale9y@amazon.de,Male,30,Senderismo,Running,Monthly
360,Keriann,Spicer,kspicer9z@unicef.org,Agender,54,Senderismo,Handball,Often
361,Kylila,Dillingham,kdillinghama0@hubpages.com,Female,63,Senderismo,Handball,Monthly
362,Krispin,Leebeter,kleebetera1@eventbrite.com,Male,49,Natación,Senderismo,Seldom
363,Mallory,Shales,mshalesa2@smh.com.au,Female,44,Ciclismo,Trecking,Monthly
364,Toiboid,Cowl,tcowla3@gizmodo.com,Male,43,Fútbol,Ciclismo,Often
365,Daniela,Jacobsson,djacobssona4@fda.gov,Female,32,Fútbol,Running,Weekly
366,Beau,Tuffin,btuffina5@nih.gov,Male,55,Trecking,Tennis,Never
367,Abby,Raycroft,araycrofta6@ted.com,Female,58,Handball,Ciclismo,Often
368,Sherlocke,Ruthen,sruthena7@taobao.com,Male,70,Rafting,Ciclismo,Never
369,Opaline,Huddlestone,ohuddlestonea8@tripadvisor.com,Polygender,37,Handball,Volley,Monthly
370,Anni,Gwynne,agwynnea9@apache.org,Bigender,58,Ciclismo,Running,Weekly
371,Mychal,Rowbottam,mrowbottamaa@list-manage.com,Male,40,Senderismo,Running,Never
372,Joscelin,Carnson,jcarnsonab@reverbnation.com,Female,19,Ciclismo,Natación,Often
373,Carmine,Brehaut,cbrehautac@cdbaby.com,Female,66,Handball,Running,Never
374,Richie,Sansun,rsansunad@quantcast.com,Male,18,Trecking,Running,Daily
375,Cooper,Cestard,ccestardae@census.gov,Male,25,Ciclismo,Running,Once
376,Kane,Curness,kcurnessaf@psu.edu,Male,55,Tennis,Senderismo,Seldom
377,Margarita,Kinker,mkinkerag@amazon.co.jp,Female,24,Natación,Running,Never
378,Yoshi,Erbain,yerbainah@altervista.org,Female,41,Senderismo,,Seldom
379,D'arcy,Stangoe,dstangoeai@wix.com,Male,64,Rafting,Senderismo,Yearly
380,Elissa,Vasyukhin,evasyukhinaj@networksolutions.com,Female,38,Running,Volley,Daily
381,Jamie,Salmoni,jsalmoniak@1688.com,Male,59,Senderismo,Fútbol,Weekly
382,Sisely,Bonaire,sbonaireal@eventbrite.com,Female,39,Fútbol,Volley,Daily
383,Cart,Garred,cgarredam@wsj.com,Male,21,Volley,Rafting,Weekly
384,Leif,Milhench,lmilhenchan@g.co,Male,20,Senderismo,Natación,Seldom
385,Leroi,Vannikov,lvannikovao@berkeley.edu,Male,57,Natación,Senderismo,Once
386,Sky,Keysel,skeyselap@123-reg.co.uk,Male,39,Trecking,Running,Monthly
387,Chas,Penvarne,cpenvarneaq@newyorker.com,Male,68,Ciclismo,Fútbol,Once
388,Tomaso,Bleesing,tbleesingar@tinypic.com,Male,57,Rafting,Senderismo,Yearly
389,Gerta,MacKain,gmackainas@last.fm,Female,39,Senderismo,Ciclismo,Often
390,Nicoli,Manicomb,nmanicombat@stanford.edu,Polygender,29,Rafting,Fútbol,Often
391,Mavra,Wynett,mwynettau@wordpress.org,Genderqueer,25,Volley,Senderismo,Daily
392,Aurore,Danielot,adanielotav@ebay.co.uk,Female,62,Senderismo,Volley,Yearly
393,Goddart,Podd,gpoddaw@dyndns.org,Genderqueer,58,Tennis,Senderismo,Daily
394,Velma,Asken,vaskenax@deviantart.com,Bigender,43,Trecking,Tennis,Monthly
395,Eyde,Coats,ecoatsay@state.gov,Female,26,Natación,Senderismo,Weekly
396,Hyacinthie,Bointon,hbointonaz@umich.edu,Female,63,Ciclismo,Handball,Seldom
397,Ranice,Moulder,rmoulderb0@ebay.com,Female,69,Ciclismo,Handball,Daily
398,Ree,Dowe,rdoweb1@mapy.cz,Non-binary,48,Tennis,Natación,Never
399,Monte,Sign,msignb2@geocities.com,Male,39,Senderismo,Running,Seldom
400,Koren,MacGillespie,kmacgillespieb3@wix.com,Female,40,Tennis,Natación,Daily
401,Dalia,Rainsdon,drainsdonb4@webnode.com,Female,66,Natación,Running,Seldom
402,Dede,Shoppee,dshoppeeb5@google.com.au,Female,58,Rafting,Running,Never
403,Culley,Damrell,cdamrellb6@usatoday.com,Male,51,Ciclismo,Rafting,Often
404,Hillary,Sommerling,hsommerlingb7@rediff.com,Male,66,Ciclismo,Senderismo,Never
405,Lila,Ballantyne,lballantyneb8@si.edu,Female,41,Ciclismo,Fútbol,Never
406,Marillin,Urling,murlingb9@arizona.edu,Female,46,Trecking,Tennis,Monthly
407,Cassie,Grolmann,cgrolmannba@yahoo.com,Male,53,Ciclismo,Trecking,Often
408,Brok,Ovise,bovisebb@craigslist.org,Male,55,Rafting,Natación,Yearly
409,Kimmie,Newcome,knewcomebc@blog.com,Female,60,Rafting,Handball,Never
410,Davine,Swannack,dswannackbd@trellian.com,Female,68,Handball,Tennis,Often
411,Martguerita,Chyuerton,mchyuertonbe@networkadvertising.org,Bigender,19,Volley,Rafting,Seldom
412,Ramsay,Swaby,rswabybf@google.pl,Male,36,Running,Trecking,Daily
413,Fielding,Vaudin,fvaudinbg@apache.org,Male,52,Senderismo,Natación,Daily
414,Mamie,Colenutt,mcolenuttbh@businessinsider.com,Female,57,Rafting,Fútbol,Weekly
415,Margette,Sindle,msindlebi@paypal.com,Female,47,Natación,Rafting,Weekly
416,Mal,Balderstone,mbalderstonebj@google.de,Male,66,Rafting,Tennis,Daily
417,Frayda,Albion,falbionbk@google.nl,Female,52,Running,Handball,Weekly
418,Niki,Hars,nharsbl@psu.edu,Genderqueer,43,Tennis,Running,Daily
419,Artemas,Stanier,astanierbm@unesco.org,Male,28,Ciclismo,Tennis,Often
420,Karna,Duthy,kduthybn@cdc.gov,Female,24,Rafting,Senderismo,Often
421,Valerye,Bonhill,vbonhillbo@msu.edu,Female,52,Senderismo,,Monthly
422,Rodie,Tivenan,rtivenanbp@chronoengine.com,Female,57,Trecking,Natación,Monthly
423,Brena,Throssell,bthrossellbq@acquirethisname.com,Female,46,Senderismo,Ciclismo,Seldom
424,Gay,Gatling,ggatlingbr@tiny.cc,Female,66,Senderismo,Volley,Weekly
425,Winny,Newbigging,wnewbiggingbs@microsoft.com,Male,49,Ciclismo,Volley,Never
426,Pammy,Le land,plelandbt@1und1.de,Female,52,Fútbol,Senderismo,Never
427,Fenelia,Foddy,ffoddybu@behance.net,Female,59,Senderismo,Natación,Often
428,Ag,Welsh,awelshbv@un.org,Female,35,Trecking,Senderismo,Never
429,Boonie,McUre,bmcurebw@nhs.uk,Male,34,Senderismo,Handball,Once
430,Lissy,Loveland,llovelandbx@fda.gov,Female,56,Volley,Handball,Often
431,Kevina,Antrum,kantrumby@go.com,Female,68,Running,Handball,Never
432,Sibyl,Lammas,slammasbz@163.com,Male,28,Trecking,Handball,Seldom
433,Fran,O'Hanley,fohanleyc0@bloglines.com,Male,28,Rafting,Trecking,Monthly
434,Odella,Flahy,oflahyc1@pen.io,Female,65,Senderismo,Running,Yearly
435,Reinhold,Smout,rsmoutc2@blogs.com,Male,33,Running,Volley,Daily
436,Casie,Milsom,cmilsomc3@1688.com,Female,37,Senderismo,Ciclismo,Never
437,Rosabelle,Abrahm,rabrahmc4@reuters.com,Non-binary,66,Running,Natación,Monthly
438,Nat,Marchant,nmarchantc5@dot.gov,Female,27,Senderismo,Running,Monthly
439,Elie,Marrow,emarrowc6@ameblo.jp,Female,68,Tennis,Handball,Daily
440,Gloriane,Easby,geasbyc7@imdb.com,Female,60,Volley,Tennis,Seldom
441,Guillaume,Giannassi,ggiannassic8@independent.co.uk,Male,41,Natación,Senderismo,Once
442,Garrik,Brimilcome,gbrimilcomec9@sfgate.com,Polygender,42,Volley,Handball,Seldom
443,Nichole,Elderkin,nelderkinca@angelfire.com,Non-binary,47,Handball,Running,Seldom
444,Charyl,Dannett,cdannettcb@cnn.com,Female,35,Running,Ciclismo,Daily
445,Arlinda,Kinghorne,akinghornecc@tmall.com,Female,69,Natación,Volley,Weekly
446,Kennan,Brok,kbrokcd@wunderground.com,Male,61,Rafting,Ciclismo,Often
447,Dorita,Kintish,dkintishce@nytimes.com,Female,18,Trecking,Basketball,Monthly
448,Tilly,Hof,thofcf@sakura.ne.jp,Genderqueer,35,Volley,Tennis,Seldom
449,Sashenka,Tomasini,stomasinicg@icq.com,Female,69,Senderismo,Volley,Once
450,Arnuad,Rudham,arudhamch@vinaora.com,Male,69,Ciclismo,Fútbol,Monthly
451,Billy,Titcombe,btitcombeci@soup.io,Female,65,Running,Handball,Daily
452,Pauli,Hambrook,phambrookcj@washingtonpost.com,Female,50,Natación,Senderismo,Often
453,Hedy,Snalom,hsnalomck@earthlink.net,Female,39,Senderismo,Volley,Monthly
454,Lorrin,Richardon,lrichardoncl@smh.com.au,Female,54,Running,Rafting,Never
455,Hobart,Yirrell,hyirrellcm@about.com,Male,69,Fútbol,Tennis,Daily
456,Abby,Dowty,adowtycn@rakuten.co.jp,Polygender,69,Fútbol,Volley,Often
457,Opal,Cabena,ocabenaco@nhs.uk,Female,37,Senderismo,Tennis,Once
458,Franklin,Bellfield,fbellfieldcp@ibm.com,Male,67,Fútbol,Trecking,Daily
459,Saundra,Krysiak,skrysiakcq@artisteer.com,Male,39,Tennis,Trecking,Seldom
460,Deb,Lehrle,dlehrlecr@amazon.co.uk,Female,30,Tennis,Running,Weekly
461,Emmaline,Spaldin,espaldincs@stumbleupon.com,Female,35,Senderismo,,Often
462,Mervin,Iredale,miredalect@archive.org,Male,20,Handball,Natación,Often
463,Caril,Chiles,cchilescu@mysql.com,Female,56,Volley,Natación,Daily
464,Arnie,Bahike,abahikecv@ucla.edu,Male,66,Ciclismo,Handball,Weekly
465,Mirabelle,Oris,moriscw@psu.edu,Female,38,Ciclismo,Senderismo,Monthly
466,Daveen,Coupman,dcoupmancx@people.com.cn,Female,67,Trecking,Senderismo,Daily
467,Dirk,Soane,dsoanecy@nih.gov,Male,49,Volley,Rafting,Often
468,Myrtia,Skitterel,mskitterelcz@163.com,Female,48,Natación,Trecking,Weekly
469,Bessy,Pointer,bpointerd0@mediafire.com,Female,32,Senderismo,Ciclismo,Once
470,Debbie,Cruikshank,dcruikshankd1@reference.com,Female,44,Trecking,Handball,Seldom
471,Layney,Grishinov,lgrishinovd2@phpbb.com,Female,61,Ciclismo,Trecking,Once
472,Hardy,Ondracek,hondracekd3@wired.com,Bigender,55,Senderismo,Handball,Monthly
473,Edithe,Lynock,elynockd4@spiegel.de,Female,30,Trecking,Tennis,Weekly
474,Minetta,Hayer,mhayerd5@1688.com,Female,25,Natación,Rafting,Once
475,Carlin,Strong,cstrongd6@amazon.de,Female,70,Senderismo,Tennis,Yearly
476,Taylor,Woodthorpe,twoodthorped7@gnu.org,Male,66,Volley,Ciclismo,Seldom
477,Colly,Pesak,cpesakd8@hud.gov,Female,36,Handball,Senderismo,Often
478,Sonnie,Wonfor,swonford9@moonfruit.com,Male,51,Rafting,Ciclismo,Often
479,Elbertine,Dismore,edismoreda@berkeley.edu,Female,19,Handball,Natación,Seldom
480,Vivian,Pipet,vpipetdb@xing.com,Female,33,Running,Trecking,Often
481,Boyd,Meugens,bmeugensdc@myspace.com,Male,63,Rafting,Running,Often
482,Ajay,Speenden,aspeendendd@tripadvisor.com,Female,37,Running,Ciclismo,Monthly
483,Mead,Hupe,mhupede@cocolog-nifty.com,Female,23,Senderismo,Natación,Seldom
484,Brockie,McEllen,bmcellendf@netscape.com,Male,29,Rafting,Tennis,Weekly
485,Ara,Meeny,ameenydg@prweb.com,Male,62,Senderismo,Fútbol,Yearly
486,Randie,Godmar,rgodmardh@shop-pro.jp,Male,36,Handball,Running,Often
487,Nicolais,Rome,nromedi@berkeley.edu,Agender,53,Running,Trecking,Weekly
488,Hillel,Gawthrop,hgawthropdj@fc2.com,Male,42,Handball,Natación,Seldom
489,Eliot,Mathieson,emathiesondk@infoseek.co.jp,Male,52,Tennis,Fútbol,Seldom
490,Romola,Moulsdall,rmoulsdalldl@weibo.com,Female,48,Running,Tennis,Once
491,Zola,Temple,ztempledm@ft.com,Female,32,Rafting,Running,Once
492,Sonja,Clericoates,sclericoatesdn@globo.com,Female,21,Ciclismo,Running,Often
493,Eldridge,Godfery,egodferydo@people.com.cn,Male,32,Running,Natación,Often
494,Milly,Banbrigge,mbanbriggedp@narod.ru,Female,46,Senderismo,Rafting,Yearly
495,Dugald,Pfeuffer,dpfeufferdq@theatlantic.com,Male,60,Ciclismo,Trecking,Once
496,Nani,Mathieu,nmathieudr@dion.ne.jp,Female,69,Running,Handball,Weekly
497,Esra,Lowthian,elowthiands@goo.ne.jp,Male,53,Tennis,Running,Often
498,Chelsie,Impy,cimpydt@mysql.com,Female,22,Trecking,Tennis,Once
499,Marquita,Ruit,mruitdu@furl.net,Female,38,Running,Natación,Once
500,Enoch,Durram,edurramdv@newyorker.com,Male,64,Fútbol,Running,Daily
501,Shannen,Wilfling,swilflingdw@infoseek.co.jp,Female,63,Handball,Trecking,Seldom
502,Rutter,Dalliwater,rdalliwaterdx@issuu.com,Male,36,Natación,Volley,Daily
503,Elyse,Dohmer,edohmerdy@macromedia.com,Female,23,Handball,Trecking,Once
504,Filberte,Sherreard,fsherrearddz@github.io,Male,44,Handball,Trecking,Never
505,Ed,MacParlan,emacparlane0@joomla.org,Male,26,Natación,Ciclismo,Seldom
506,Norrie,Rippen,nrippene1@lulu.com,Female,40,Handball,Natación,Monthly
507,Stu,Benedicto,sbenedictoe2@youtu.be,Bigender,43,Ciclismo,Rafting,Seldom
508,Lishe,Buche,lbuchee3@harvard.edu,Female,32,Trecking,Volley,Monthly
509,Dominick,Tavinor,dtavinore4@webs.com,Male,70,Natación,Volley,Once
510,Filmer,Lefeuvre,flefeuvree5@virginia.edu,Male,57,Trecking,Handball,Once
511,Cord,Thorald,cthoralde6@ihg.com,Male,55,Fútbol,Trecking,Weekly
512,Ferdinande,Falk,ffalke7@earthlink.net,Bigender,39,Fútbol,Ciclismo,Never
513,Giovanni,Samwaye,gsamwayee8@cargocollective.com,Male,46,Trecking,Senderismo,Monthly
514,Carver,Sangar,csangare9@zimbio.com,Male,58,Fútbol,Running,Never
515,Mei,Cleobury,mcleoburyea@comcast.net,Female,33,Tennis,Running,Weekly
516,Concettina,Leabeater,cleabeatereb@furl.net,Non-binary,21,Natación,Senderismo,Daily
517,Marius,Dundon,mdundonec@cbc.ca,Bigender,65,Natación,Tennis,Monthly
518,Milka,Dietmar,mdietmared@weibo.com,Female,56,Volley,Ciclismo,Once
519,Dulci,Hardbattle,dhardbattleee@arizona.edu,Female,63,Handball,Ciclismo,Often
520,Caryn,Jeannesson,cjeannessonef@tuttocitta.it,Female,53,Ciclismo,Natación,Never
521,Benyamin,Labadini,blabadinieg@oracle.com,Male,22,Senderismo,Volley,Yearly
522,Kipp,Attock,kattockeh@whitehouse.gov,Male,62,Volley,Fútbol,Monthly
523,Kevyn,Perroni,kperroniei@jiathis.com,Genderfluid,45,Ciclismo,Rafting,Daily
524,Cacilia,Spaven,cspavenej@sina.com.cn,Female,53,Ciclismo,Running,Once
525,Osborn,Jurca,ojurcaek@artisteer.com,Male,42,Running,Tennis,Monthly
526,Chloris,Keay,ckeayel@barnesandnoble.com,Female,28,Senderismo,Fútbol,Yearly
527,Thibaut,Tretwell,ttretwellem@alexa.com,Male,56,Ciclismo,Natación,Daily
528,Michail,Alyukin,malyukinen@list-manage.com,Male,36,Natación,Tennis,Monthly
529,Hesther,Bigland,hbiglandeo@squarespace.com,Female,18,Tennis,Running,Weekly
530,Andie,Derington,aderingtonep@eepurl.com,Female,37,Tennis,Natación,Weekly
531,Delly,Rosell,droselleq@networkadvertising.org,Female,41,Fútbol,Ciclismo,Weekly
532,Jori,Espine,jespineer@seesaa.net,Female,21,Volley,Handball,Seldom
533,Rogers,McCaughen,rmccaughenes@accuweather.com,Male,61,Handball,Ciclismo,Never
534,Donnajean,Seelbach,dseelbachet@vk.com,Female,29,Tennis,Running,Never
535,Lorelle,Scarlin,lscarlineu@issuu.com,Bigender,62,Natación,Ciclismo,Daily
536,Dalila,Booi,dbooiev@ustream.tv,Bigender,61,Volley,Rafting,Daily
537,Joni,Digges,jdiggesew@hhs.gov,Female,31,Running,Rafting,Often
538,Aggi,Manley,amanleyex@nba.com,Agender,51,Tennis,Volley,Once
539,Lonnard,Hugo,lhugoey@reuters.com,Male,21,Natación,Rafting,Weekly
540,Glenden,Luciani,glucianiez@statcounter.com,Male,58,Natación,Trecking,Monthly
541,Sherman,Gordge,sgordgef0@lulu.com,Male,65,Volley,Rafting,Seldom
542,Goddard,Fosse,gfossef1@deliciousdays.com,Male,49,Trecking,Fútbol,Weekly
543,Ker,Wellan,kwellanf2@naver.com,Male,20,Natación,Ciclismo,Daily
544,Carney,Bahia,cbahiaf3@netlog.com,Male,23,Ciclismo,Running,Daily
545,Candice,Clemits,cclemitsf4@shutterfly.com,Female,22,Natación,Handball,Monthly
546,Timotheus,Carville,tcarvillef5@hud.gov,Male,42,Running,Tennis,Daily
547,Conn,Deere,cdeeref6@newsvine.com,Male,57,Trecking,Volley,Monthly
548,Adaline,Flegg,afleggf7@home.pl,Female,28,Senderismo,Running,Once
549,Rayner,Hendrich,rhendrichf8@about.me,Male,27,Volley,Rafting,Weekly
550,Clem,Chicotti,cchicottif9@de.vu,Female,42,Rafting,Volley,Seldom
551,Valery,Brealey,vbrealeyfa@ameblo.jp,Female,67,Handball,Natación,Weekly
552,Robin,Tuting,rtutingfb@bluehost.com,Female,38,Running,Volley,Once
553,Worthy,Ciraldo,wciraldofc@shinystat.com,Male,47,Natación,Ciclismo,Monthly
554,Dougy,Zannotti,dzannottifd@dropbox.com,Male,49,Rafting,Ciclismo,Seldom
555,Tanner,Penwarden,tpenwardenfe@cnn.com,Male,62,Volley,Trecking,Seldom
556,Alford,Grumble,agrumbleff@qq.com,Male,69,Handball,Tennis,Weekly
557,Patric,Giurio,pgiuriofg@yellowbook.com,Male,66,Tennis,Trecking,Never
558,Maximilianus,Casine,mcasinefh@webeden.co.uk,Male,68,Ciclismo,Rafting,Once
559,Derrick,Faucett,dfaucettfi@hexun.com,Male,44,Handball,Fútbol,Seldom
560,Pablo,Aykroyd,paykroydfj@reverbnation.com,Male,50,Running,Trecking,Seldom
561,Mandi,Harte,mhartefk@hp.com,Female,70,Tennis,Rafting,Weekly
562,Noel,Tallis,ntallisfl@wired.com,Female,19,Handball,Natación,Daily
563,Paola,Gorler,pgorlerfm@rakuten.co.jp,Female,26,Fútbol,Tennis,Often
564,Cleon,Rangall,crangallfn@sohu.com,Male,68,Tennis,Volley,Once
565,Jolene,D'Agostino,jdagostinofo@fema.gov,Female,67,Volley,Running,Often
566,Consuela,Gulvin,cgulvinfp@simplemachines.org,Non-binary,31,Senderismo,Rafting,Seldom
567,Herbie,Cluney,hcluneyfq@rambler.ru,Male,28,Handball,Rafting,Often
568,Delbert,Creane,dcreanefr@example.com,Male,44,Fútbol,Senderismo,Monthly
569,Clarinda,Nardoni,cnardonifs@jiathis.com,Polygender,46,Running,Senderismo,Often
570,Lindsey,Oldnall,loldnallft@t.co,Polygender,69,Volley,Natación,Weekly
571,Zsazsa,Barke,zbarkefu@slashdot.org,Genderfluid,43,Trecking,Natación,Monthly
572,Alexandra,Alloisi,aalloisifv@trellian.com,Female,20,Senderismo,Running,Seldom
573,Clea,Basketter,cbasketterfw@shutterfly.com,Bigender,55,Rafting,Tennis,Yearly
574,Lesya,Wolstencroft,lwolstencroftfx@photobucket.com,Female,65,Running,Fútbol,Weekly
575,Barde,Crumb,bcrumbfy@usnews.com,Male,70,Natación,Trecking,Never
576,Ralf,Markey,rmarkeyfz@nih.gov,Male,45,Rafting,Senderismo,Yearly
577,Percy,Denham,pdenhamg0@sitemeter.com,Male,64,Trecking,Rafting,Weekly
578,Jessamine,Le Fevre,jlefevreg1@intel.com,Female,51,Natación,Fútbol,Seldom
579,Dee dee,Gudgin,dgudging2@bizjournals.com,Female,45,Running,Volley,Never
580,Mona,Balding,mbaldingg3@flavors.me,Female,22,Tennis,Running,Often
581,Raine,Georgel,rgeorgelg4@miibeian.gov.cn,Female,60,Fútbol,Tennis,Often
582,Allie,Dyzart,adyzartg5@woothemes.com,Male,67,Trecking,Senderismo,Monthly
583,Marnie,Schukert,mschukertg6@economist.com,Female,25,Ciclismo,Fútbol,Seldom
584,Tanhya,Suttaby,tsuttabyg7@va.gov,Female,45,Rafting,Ciclismo,Once
585,Kay,Malham,kmalhamg8@businesswire.com,Genderfluid,61,Running,Handball,Weekly
586,Ernesto,Brimfield,ebrimfieldg9@yolasite.com,Male,70,Volley,Running,Weekly
587,Torin,Biggs,tbiggsga@soundcloud.com,Male,30,Rafting,Natación,Once
588,Gerhard,Hoggan,ghoggangb@washingtonpost.com,Male,69,Trecking,Ciclismo,Monthly
589,Giffie,Sarjeant,gsarjeantgc@fda.gov,Male,25,Running,Ciclismo,Seldom
590,Launce,Snaden,lsnadengd@symantec.com,Male,29,Natación,Handball,Weekly
591,Lazare,Kemmey,lkemmeyge@oracle.com,Male,52,Tennis,Trecking,Once
592,Ottilie,Saur,osaurgf@elpais.com,Female,64,Volley,Running,Daily
593,Shelba,Oglethorpe,soglethorpegg@dell.com,Female,23,Tennis,Fútbol,Often
594,Suzann,Crotty,scrottygh@diigo.com,Female,47,Senderismo,Natación,Weekly
595,Everard,Taylo,etaylogi@home.pl,Male,67,Fútbol,Tennis,Often
596,Eveline,Malafe,emalafegj@elpais.com,Genderfluid,65,Ciclismo,Rafting,Often
597,Nero,Pitkin,npitkingk@tripod.com,Male,70,Running,Ciclismo,Often
598,Cecilio,Huelin,chuelingl@weibo.com,Male,66,Running,Tennis,Daily
599,Coleen,McDirmid,cmcdirmidgm@loc.gov,Female,41,Ciclismo,Senderismo,Daily
600,Poppy,Dietmar,pdietmargn@artisteer.com,Female,65,Fútbol,Tennis,Often
601,Jone,Gonzales,jgonzalesgo@aboutads.info,Male,53,Ciclismo,Natación,Weekly
602,Odille,Benoit,obenoitgp@webeden.co.uk,Female,55,Trecking,Tennis,Monthly
603,Ulla,Yakuntzov,uyakuntzovgq@stumbleupon.com,Female,21,Fútbol,Rafting,Daily
604,Giorgi,Grishanin,ggrishaningr@macromedia.com,Male,30,Fútbol,Volley,Never
605,Beale,Sirette,bsirettegs@umich.edu,Male,46,Fútbol,Handball,Seldom
606,Ferrel,Skeech,fskeechgt@wikipedia.org,Male,41,Fútbol,Volley,Weekly
607,Elita,Wyness,ewynessgu@geocities.com,Female,66,Senderismo,Ciclismo,Weekly
608,Kliment,Pimer,kpimergv@opera.com,Male,68,Running,Senderismo,Daily
609,Marchelle,Gianilli,mgianilligw@businesswire.com,Female,30,Ciclismo,Volley,Never
610,Heather,Cristou,hcristougx@jugem.jp,Female,41,Rafting,Handball,Yearly
611,Valencia,Slimings,vslimingsgy@canalblog.com,Female,67,Rafting,Volley,Once
612,Maynard,Trundell,mtrundellgz@cocolog-nifty.com,Male,66,Volley,Natación,Once
613,Garv,Trunks,gtrunksh0@nsw.gov.au,Polygender,41,Rafting,Ciclismo,Once
614,Sergei,Streeting,sstreetingh1@cmu.edu,Polygender,24,Senderismo,Fútbol,Daily
615,Humphrey,Revance,hrevanceh2@bloglovin.com,Male,52,Natación,Fútbol,Seldom
616,Joey,Sinnott,jsinnotth3@blogspot.com,Male,24,Ciclismo,Rafting,Monthly
617,Jacky,Whitlow,jwhitlowh4@imgur.com,Female,29,Tennis,Natación,Never
618,Ervin,Catt,ecatth5@mapy.cz,Male,50,Handball,Tennis,Daily
619,Stacee,Baxstair,sbaxstairh6@biblegateway.com,Female,45,Trecking,Tennis,Often
620,Bernhard,Stukings,bstukingsh7@google.ca,Male,31,Senderismo,Volley,Often
621,Shelby,Voisey,svoiseyh8@samsung.com,Male,28,Ciclismo,Handball,Often
622,Cindie,Ardling,cardlingh9@bloglovin.com,Female,28,Volley,Ciclismo,Often
623,Beverlee,Wayman,bwaymanha@myspace.com,Bigender,68,Volley,Natación,Monthly
624,Kellen,Grube,kgrubehb@timesonline.co.uk,Female,21,Handball,Ciclismo,Daily
625,Ynes,Sapir,ysapirhc@instagram.com,Female,60,Volley,Handball,Daily
626,Gizela,Josephov,gjosephovhd@a8.net,Female,27,Rafting,Senderismo,Once
627,Elnora,Fealty,efealtyhe@geocities.com,Female,42,Rafting,Senderismo,Seldom
628,Sunny,Quaif,squaifhf@mlb.com,Male,30,Rafting,Senderismo,Daily
629,Nahum,Signore,nsignorehg@privacy.gov.au,Male,48,Trecking,Natación,Never
630,Elbertine,Cristofol,ecristofolhh@shutterfly.com,Polygender,54,Rafting,Natación,Seldom
631,Esteban,Flamank,eflamankhi@opensource.org,Male,35,Volley,Handball,Daily
632,Lucina,Pedley,lpedleyhj@ucoz.ru,Female,65,Natación,Running,Seldom
633,Rube,Forst,rforsthk@japanpost.jp,Male,29,Natación,Trecking,Seldom
634,Brewster,Sackey,bsackeyhl@umn.edu,Male,20,Tennis,Running,Never
635,Billie,Beste,bbestehm@gov.uk,Male,62,Rafting,Trecking,Daily
636,Gray,Andrioletti,gandriolettihn@last.fm,Female,69,Tennis,Running,Weekly
637,Willard,Angelini,wangeliniho@dedecms.com,Male,56,Natación,Running,Never
638,Merrill,Masding,mmasdinghp@1und1.de,Female,20,Natación,Rafting,Seldom
639,Nahum,Beecheno,nbeechenohq@godaddy.com,Male,52,Volley,Tennis,Often
640,Rorie,Dupree,rdupreehr@google.com,Female,58,Handball,Natación,Weekly
641,Addi,Urwen,aurwenhs@ftc.gov,Female,39,Ciclismo,Volley,Often
642,Tulley,Taunton.,ttauntonht@globo.com,Genderfluid,23,Trecking,Tennis,Never
643,Marketa,Callendar,mcallendarhu@ox.ac.uk,Female,20,Senderismo,Rafting,Yearly
644,Gipsy,Noke,gnokehv@youku.com,Bigender,37,Trecking,Senderismo,Monthly
645,Nerita,Gherardelli,ngherardellihw@friendfeed.com,Female,47,Volley,Trecking,Once
646,Ashlie,Delap,adelaphx@deviantart.com,Female,54,Rafting,Trecking,Weekly
647,Blondie,Sargeaunt,bsargeaunthy@example.com,Female,39,Trecking,Tennis,Daily
648,Corbin,Lealle,cleallehz@vk.com,Male,63,Handball,Natación,Often
649,Maynord,Elsdon,melsdoni0@tmall.com,Male,69,Fútbol,Ciclismo,Monthly
650,Read,Georgeot,rgeorgeoti1@marriott.com,Male,49,Rafting,Handball,Seldom
651,Normand,Cudbertson,ncudbertsoni2@wikia.com,Male,69,Volley,Tennis,Often
652,Dyanna,Vedekhin,dvedekhini3@plala.or.jp,Female,32,Fútbol,Running,Monthly
653,Worthy,Swarbrigg,wswarbriggi4@usatoday.com,Male,67,Running,Fútbol,Never
654,Alice,Gillino,agillinoi5@woothemes.com,Female,48,Volley,Senderismo,Weekly
655,Trever,Guterson,tgutersoni6@dion.ne.jp,Male,49,Rafting,Running,Daily
656,Harlin,Bothram,hbothrami7@moonfruit.com,Male,29,Trecking,Fútbol,Monthly
657,Lexine,Steeples,lsteeplesi8@xing.com,Female,60,Rafting,Running,Often
658,Denny,Devereux,ddevereuxi9@nature.com,Female,26,Fútbol,Volley,Once
659,Hattie,Dibner,hdibneria@theguardian.com,Female,69,Volley,Natación,Monthly
660,Harlie,Pfeffer,hpfefferib@desdev.cn,Female,45,Senderismo,Volley,Often
661,Dela,Giannoni,dgiannoniic@pcworld.com,Non-binary,68,Tennis,Trecking,Daily
662,Robbin,Portt,rporttid@fotki.com,Female,58,Ciclismo,Volley,Seldom
663,Briney,Buchanan,bbuchananie@jugem.jp,Female,48,Tennis,Ciclismo,Often
664,Leandra,Bremmer,lbremmerif@csmonitor.com,Female,41,Volley,Tennis,Monthly
665,Meryl,Eaton,meatonig@telegraph.co.uk,Male,18,Handball,Ciclismo,Monthly
666,Derward,Brave,dbraveih@yellowbook.com,Male,62,Running,Fútbol,Monthly
667,Car,Pane,cpaneii@51.la,Male,46,Fútbol,Ciclismo,Often
668,Marni,Pinkett,mpinkettij@unc.edu,Female,59,Volley,Ciclismo,Daily
669,Marjy,Jupp,mjuppik@yandex.ru,Polygender,55,Tennis,Natación,Weekly
670,Thibaud,Adrain,tadrainil@cbslocal.com,Polygender,53,Rafting,Tennis,Monthly
671,Winfield,Ridehalgh,wridehalghim@webmd.com,Polygender,23,Fútbol,Handball,Seldom
672,Gasper,Spadaro,gspadaroin@tinypic.com,Male,54,Trecking,Running,Seldom
673,Auberta,Beale,abealeio@digg.com,Female,48,Trecking,Running,Seldom
674,Tymon,Grinnov,tgrinnovip@symantec.com,Male,37,Volley,Trecking,Daily
675,Nelie,Hardeman,nhardemaniq@aboutads.info,Polygender,61,Tennis,Fútbol,Seldom
676,Gonzalo,Janca,gjancair@mysql.com,Male,28,Handball,Natación,Often
677,Peyton,Franklyn,pfranklynis@cafepress.com,Male,31,Rafting,Trecking,Yearly
678,Thaddeus,Cowlin,tcowlinit@unc.edu,Male,25,Handball,Tennis,Once
679,Onfroi,Aylmore,oaylmoreiu@shop-pro.jp,Male,55,Natación,Handball,Once
680,Brant,Plumtree,bplumtreeiv@irs.gov,Male,53,Tennis,Ciclismo,Weekly
681,Ailene,Warriner,awarrineriw@gizmodo.com,Agender,64,Trecking,Ciclismo,Monthly
682,Monte,Witch,mwitchix@yandex.ru,Genderfluid,61,Running,Handball,Seldom
683,Myrtia,MacDuff,mmacduffiy@google.com.au,Bigender,32,Ciclismo,Rafting,Weekly
684,Gaspard,Storm,gstormiz@cdbaby.com,Male,28,Senderismo,Fútbol,Weekly
685,Godfrey,Tace,gtacej0@princeton.edu,Male,18,Tennis,Trecking,Once
686,Friederike,Happel,fhappelj1@e-recht24.de,Female,44,Tennis,Senderismo,Once
687,Minnie,Mattessen,mmattessenj2@prlog.org,Female,43,Natación,Trecking,Often
688,Maggee,Baynard,mbaynardj3@ebay.com,Female,44,Rafting,Trecking,Yearly
689,Gerard,Crossgrove,gcrossgrovej4@mozilla.org,Male,36,Volley,Fútbol,Often
690,Thorvald,Buffery,tbufferyj5@51.la,Genderqueer,70,Fútbol,Senderismo,Monthly
691,Arvie,Grey,agreyj6@alibaba.com,Male,64,Fútbol,Handball,Often
692,Jamie,Dyster,jdysterj7@jiathis.com,Bigender,45,Fútbol,Ciclismo,Monthly
693,Hewet,Radki,hradkij8@technorati.com,Male,67,Volley,Trecking,Often
694,Gabriel,Turl,gturlj9@yelp.com,Bigender,67,Running,Senderismo,Often
695,Court,Peres,cperesja@nytimes.com,Male,47,Fútbol,Natación,Often
696,Jillayne,Prinnett,jprinnettjb@csmonitor.com,Female,25,Handball,Tennis,Seldom
697,Shel,Idel,sideljc@dropbox.com,Female,54,Volley,Tennis,Never
698,Cullie,Spellissy,cspellissyjd@reference.com,Male,37,Fútbol,Trecking,Never
699,Haskel,Kelwick,hkelwickje@japanpost.jp,Male,66,Handball,Ciclismo,Once
700,Eada,Rounce,erouncejf@newyorker.com,Female,38,Running,Trecking,Often
701,Suzette,Herculeson,sherculesonjg@forbes.com,Female,19,Fútbol,Volley,Seldom
702,Anna-diana,Evensden,aevensdenjh@techcrunch.com,Female,61,Trecking,Rafting,Often
703,Rafaelia,Ferraretto,rferrarettoji@huffingtonpost.com,Female,44,Trecking,Natación,Often
704,Reed,Costello,rcostellojj@npr.org,Male,59,Senderismo,Trecking,Seldom
705,Carmine,Woolf,cwoolfjk@nhs.uk,Female,33,Ciclismo,Running,Weekly
706,Martie,Corbould,mcorbouldjl@go.com,Male,49,Trecking,Rafting,Monthly
707,Brennan,Paton,bpatonjm@ucoz.ru,Male,52,Running,Handball,Weekly
708,Nichols,Luff,nluffjn@weebly.com,Male,23,Trecking,Rafting,Seldom
709,Amelina,Ginnety,aginnetyjo@independent.co.uk,Female,39,Trecking,Natación,Weekly
710,Rochester,Pes,rpesjp@wunderground.com,Polygender,33,Handball,Senderismo,Monthly
711,Dell,Strickland,dstricklandjq@disqus.com,Female,50,Tennis,Trecking,Seldom
712,Kacy,Stearndale,kstearndalejr@state.tx.us,Female,35,Rafting,Senderismo,Monthly
713,Tildi,Guenther,tguentherjs@telegraph.co.uk,Female,52,Natación,Fútbol,Once
714,Costanza,Hallatt,challattjt@goo.ne.jp,Female,50,Natación,Running,Seldom
715,Anthea,Cavil,acavilju@sina.com.cn,Female,34,Trecking,Rafting,Often
716,Kathye,Pulley,kpulleyjv@businesswire.com,Female,32,Natación,Senderismo,Once
717,Aggi,Pridmore,apridmorejw@digg.com,Female,32,Rafting,Tennis,Never
718,Noland,Escoffrey,nescoffreyjx@pen.io,Male,65,Natación,Senderismo,Monthly
719,Sissy,Bowdidge,sbowdidgejy@mapy.cz,Female,31,Natación,Handball,Seldom
720,Smitty,Soanes,ssoanesjz@pcworld.com,Male,56,Running,Tennis,Daily
721,Amble,Maxworthy,amaxworthyk0@weather.com,Polygender,68,Tennis,Rafting,Once
722,Christoph,Banke,cbankek1@deviantart.com,Male,21,Ciclismo,Senderismo,Weekly
723,Eleanore,Galley,egalleyk2@goodreads.com,Female,31,Trecking,Senderismo,Seldom
724,Seamus,Cicccitti,scicccittik3@icio.us,Male,69,Rafting,Natación,Weekly
725,Merilyn,Turfus,mturfusk4@digg.com,Agender,26,Senderismo,Volley,Yearly
726,Vallie,Garmston,vgarmstonk5@latimes.com,Female,42,Handball,Volley,Monthly
727,Adaline,Seager,aseagerk6@addthis.com,Female,19,Natación,Handball,Weekly
728,Mabel,Sheed,msheedk7@netlog.com,Female,64,Fútbol,Tennis,Monthly
729,Ulrick,Godsmark,ugodsmarkk8@guardian.co.uk,Male,63,Rafting,Senderismo,Daily
730,Adel,Stranio,astraniok9@harvard.edu,Female,56,Running,Fútbol,Seldom
731,Maris,Matusiak,mmatusiakka@npr.org,Female,58,Senderismo,Tennis,Daily
732,Jan,Normand,jnormandkb@nba.com,Genderqueer,58,Natación,Volley,Weekly
733,Janessa,Coffelt,jcoffeltkc@loc.gov,Female,44,Tennis,Senderismo,Seldom
734,Fifine,Dart,fdartkd@nasa.gov,Female,56,Senderismo,Natación,Often
735,Adriana,Ravens,aravenske@cloudflare.com,Female,44,Tennis,Ciclismo,Weekly
736,Tiphany,Boken,tbokenkf@google.ca,Female,33,Fútbol,Handball,Never
737,Lammond,Maase,lmaasekg@yahoo.co.jp,Male,56,Ciclismo,Senderismo,Weekly
738,Luther,Greenfield,lgreenfieldkh@slate.com,Male,27,Running,Natación,Daily
739,Clementine,Don,cdonki@xing.com,Female,61,Natación,Ciclismo,Never
740,Eydie,Jakubiak,ejakubiakkj@ameblo.jp,Female,21,Fútbol,Trecking,Once
741,Ric,Lambertazzi,rlambertazzikk@zdnet.com,Male,65,Ciclismo,Handball,Monthly
742,Britt,Dagg,bdaggkl@soup.io,Non-binary,57,Ciclismo,Tennis,Weekly
743,Waverley,Ashman,washmankm@wikipedia.org,Male,56,Volley,Handball,Weekly
744,Calvin,Dorey,cdoreykn@php.net,Male,30,Tennis,Volley,Never
745,Ruben,Heale,rhealeko@stumbleupon.com,Male,25,Handball,Senderismo,Never
746,Portia,Longina,plonginakp@google.de,Female,28,Ciclismo,Running,Never
747,Terrence,Dri,tdrikq@microsoft.com,Male,66,Handball,Ciclismo,Daily
748,Mariel,Plaschke,mplaschkekr@sbwire.com,Female,46,Rafting,Fútbol,Yearly
749,Jasun,Drillingcourt,jdrillingcourtks@epa.gov,Male,49,Senderismo,Fútbol,Once
750,Ximenez,Paddle,xpaddlekt@cisco.com,Male,20,Natación,Volley,Monthly
751,Wilbert,Poston,wpostonku@skype.com,Male,44,Senderismo,Trecking,Often
752,Mort,Bonnyson,mbonnysonkv@jimdo.com,Male,67,Ciclismo,Handball,Weekly
753,Rakel,Houldin,rhouldinkw@cam.ac.uk,Female,34,Running,Fútbol,Often
754,Reyna,Ashington,rashingtonkx@360.cn,Female,38,Tennis,Trecking,Never
755,Sibyl,M'cowis,smcowisky@cargocollective.com,Male,44,Senderismo,Ciclismo,Often
756,Berton,Hughes,bhugheskz@huffingtonpost.com,Male,51,Natación,Fútbol,Often
757,Sacha,Osment,sosmentl0@ucla.edu,Female,36,Trecking,Running,Once
758,Milissent,Asman,masmanl1@toplist.cz,Female,18,Running,Fútbol,Monthly
759,Ross,Berrigan,rberriganl2@microsoft.com,Male,62,Trecking,Volley,Weekly
760,Foster,Mold,fmoldl3@wikispaces.com,Male,21,Tennis,Natación,Daily
761,Cthrine,Timms,ctimmsl4@hibu.com,Female,60,Trecking,Natación,Weekly
762,Adina,Ondrousek,aondrousekl5@ow.ly,Female,37,Trecking,Handball,Monthly
763,Riobard,Dunseath,rdunseathl6@google.nl,Male,70,Rafting,Trecking,Never
764,Augy,Simonett,asimonettl7@craigslist.org,Male,32,Rafting,Running,Once
765,Glen,Attewill,gattewilll8@dedecms.com,Female,19,Handball,Tennis,Often
766,Rafaello,Wyley,rwyleyl9@bloglines.com,Male,49,Tennis,Fútbol,Once
767,Eolande,Rainsdon,erainsdonla@ycombinator.com,Female,29,Fútbol,Trecking,Daily
768,Kelley,Anning,kanninglb@wordpress.com,Male,28,Natación,Senderismo,Never
769,Byrann,Dorkins,bdorkinslc@dailymotion.com,Male,44,Volley,Trecking,Often
770,Corabella,Audsley,caudsleyld@sourceforge.net,Female,68,Fútbol,Senderismo,Often
771,Hakim,Yanyushkin,hyanyushkinle@webs.com,Agender,40,Fútbol,Ciclismo,Never
772,Marguerite,Laurencot,mlaurencotlf@apache.org,Female,27,Ciclismo,Natación,Often
773,Greggory,Scranny,gscrannylg@cargocollective.com,Male,57,Natación,Trecking,Once
774,Olav,Atwel,oatwellh@vistaprint.com,Male,28,Fútbol,Trecking,Once
775,Bernardina,MacKettrick,bmackettrickli@omniture.com,Female,63,Handball,Running,Monthly
776,Amble,Ditty,adittylj@stanford.edu,Male,23,Fútbol,Trecking,Often
777,Rey,Delph,rdelphlk@stumbleupon.com,Female,41,Natación,Ciclismo,Daily
778,Cyrillus,Vlasyuk,cvlasyukll@disqus.com,Male,45,Running,Tennis,Monthly
779,Chandler,Kellog,ckelloglm@netscape.com,Polygender,20,Fútbol,Handball,Weekly
780,Matthias,Durrant,mdurrantln@marriott.com,Male,69,Fútbol,Tennis,Once
781,Joell,Spours,jspourslo@accuweather.com,Female,36,Rafting,Handball,Once
782,Krista,Dalby,kdalbylp@usatoday.com,Agender,26,Trecking,Handball,Weekly
783,Matti,Buchett,mbuchettlq@dropbox.com,Female,42,Ciclismo,Tennis,Often
784,Cully,Van Weedenburg,cvanweedenburglr@hugedomains.com,Male,38,Trecking,Volley,Often
785,Kimberley,Warboy,kwarboyls@gmpg.org,Female,67,Volley,Running,Once
786,Erl,Drew,edrewlt@jimdo.com,Male,56,Running,Tennis,Once
787,Amitie,Victor,avictorlu@cmu.edu,Female,55,Running,Trecking,Daily
788,Janel,Cozzi,jcozzilv@icio.us,Female,41,Tennis,Basketball,Once
789,Enrichetta,De Vile,edevilelw@woothemes.com,Genderfluid,33,Handball,Trecking,Often
790,Vivienne,Rouff,vroufflx@wikimedia.org,Female,55,Fútbol,Volley,Seldom
791,Marylou,Ruddin,mruddinly@ask.com,Genderfluid,61,Natación,Tennis,Daily
792,Jodie,Stilly,jstillylz@mtv.com,Male,53,Natación,Running,Once
793,Budd,Matz,bmatzm0@surveymonkey.com,Male,42,Tennis,Trecking,Daily
794,Jorgan,Rumney,jrumneym1@cornell.edu,Polygender,55,Volley,Running,Seldom
795,Ciro,Altoft,caltoftm2@edublogs.org,Male,47,Running,Ciclismo,Once
796,Darius,Bowdidge,dbowdidgem3@smh.com.au,Male,39,Running,Senderismo,Seldom
797,Gilles,Fishpond,gfishpondm4@reuters.com,Male,37,Handball,Rafting,Seldom
798,Helaine,Vallentin,hvallentinm5@guardian.co.uk,Female,55,Tennis,Handball,Seldom
799,Elle,Taysbil,etaysbilm6@europa.eu,Female,46,Trecking,Rafting,Once
800,Felicio,Brailsford,fbrailsfordm7@weebly.com,Male,28,Volley,Trecking,Often
801,Latrina,Leebeter,lleebeterm8@rediff.com,Genderqueer,38,Tennis,Fútbol,Daily
802,Carmencita,Lealle,cleallem9@example.com,Female,52,Fútbol,Tennis,Monthly
803,Octavia,Byfford,obyffordma@epa.gov,Polygender,70,Natación,Fútbol,Often
804,Arielle,Agate,aagatemb@trellian.com,Non-binary,55,Senderismo,Trecking,Monthly
805,Perry,Verrillo,pverrillomc@un.org,Agender,63,Running,Handball,Once
806,Livvyy,Quickfall,lquickfallmd@virginia.edu,Female,25,Running,Rafting,Never
807,Neils,Sutch,nsutchme@slashdot.org,Non-binary,32,Tennis,Rafting,Often
808,Karen,Kemell,kkemellmf@dedecms.com,Non-binary,49,Fútbol,Senderismo,Daily
809,Kristin,Skirling,kskirlingmg@businesswire.com,Female,28,Trecking,Running,Never
810,Elysia,Codling,ecodlingmh@marriott.com,Female,59,Fútbol,Natación,Often
811,Roma,Zwicker,rzwickermi@domainmarket.com,Male,39,Ciclismo,Volley,Weekly
812,Bald,Tesyro,btesyromj@comcast.net,Male,29,Running,Volley,Seldom
813,Randie,Marchetti,rmarchettimk@facebook.com,Female,34,Fútbol,Ciclismo,Once
814,Bert,McNeilly,bmcneillyml@bbc.co.uk,Male,29,Tennis,Ciclismo,Weekly
815,Coraline,Atty,cattymm@dot.gov,Female,50,Handball,Tennis,Once
816,Tarah,Treadgear,ttreadgearmn@dedecms.com,Female,25,Trecking,Tennis,Often
817,Basilio,Reap,breapmo@aol.com,Male,54,Handball,Tennis,Weekly
818,Kelwin,Ferreras,kferrerasmp@ow.ly,Polygender,61,Handball,Ciclismo,Never
819,Lisette,Maciaszek,lmaciaszekmq@is.gd,Female,63,Volley,Rafting,Often
820,Cindy,MacCahee,cmaccaheemr@usda.gov,Female,37,Running,Rafting,Once
821,Ediva,Cohane,ecohanems@domainmarket.com,Female,45,Ciclismo,Volley,Monthly
822,Lonee,Measom,lmeasommt@paypal.com,Female,39,Rafting,Natación,Never
823,Huey,Rishworth,hrishworthmu@nsw.gov.au,Male,52,Fútbol,Senderismo,Weekly
824,Bellanca,Andre,bandremv@jalbum.net,Non-binary,25,Ciclismo,Volley,Seldom
825,Dur,Headings,dheadingsmw@aboutads.info,Male,58,Handball,Basketball,Monthly
826,Issy,Wollers,iwollersmx@kickstarter.com,Non-binary,28,Fútbol,Ciclismo,Monthly
827,Bondon,D'Acth,bdacthmy@walmart.com,Bigender,35,Trecking,Ciclismo,Weekly
828,Murray,McQuorkel,mmcquorkelmz@flavors.me,Male,27,Fútbol,Trecking,Once
829,Felisha,Fitzsymon,ffitzsymonn0@ft.com,Bigender,27,Senderismo,Ciclismo,Monthly
830,Catherin,Cartwright,ccartwrightn1@mozilla.org,Female,37,Volley,Natación,Daily
831,Tonie,Gallier,tgalliern2@statcounter.com,Female,70,Natación,Tennis,Never
832,Annamaria,Aspinall,aaspinalln3@skype.com,Female,37,Handball,Running,Daily
833,Claribel,Hynard,chynardn4@blogtalkradio.com,Female,28,Senderismo,Volley,Often
834,Sonni,Botte,sbotten5@samsung.com,Female,38,Running,Rafting,Often
835,Patti,Goatman,pgoatmann6@people.com.cn,Female,45,Rafting,Ciclismo,Once
836,Wilmer,Stoop,wstoopn7@thetimes.co.uk,Male,22,Volley,Senderismo,Daily
837,Padriac,Brookwood,pbrookwoodn8@mapquest.com,Non-binary,61,Tennis,Senderismo,Monthly
838,Gaby,De Morena,gdemorenan9@wired.com,Male,59,Senderismo,Ciclismo,Often
839,Dan,Kilner,dkilnerna@e-recht24.de,Male,41,Handball,Natación,Monthly
840,Lewes,Fer,lfernb@usa.gov,Male,49,Fútbol,Tennis,Often
841,Bryanty,Hove,bhovenc@oakley.com,Polygender,28,Senderismo,Basketball,Often
842,Bord,Ellum,bellumnd@jalbum.net,Male,43,Fútbol,Basketball,Never
843,Bryce,Benes,bbenesne@gov.uk,Bigender,67,Fútbol,Handball,Seldom
844,Morey,Ferreiro,mferreironf@tmall.com,Male,52,Handball,Rafting,Daily
845,Noak,Damiral,ndamiralng@tripod.com,Male,49,Handball,Running,Weekly
846,Dex,Krysiak,dkrysiaknh@bing.com,Male,61,Natación,Trecking,Never
847,Georgeanna,Fliege,gfliegeni@technorati.com,Female,28,Volley,Ciclismo,Once
848,Andris,Matuszak,amatuszaknj@mysql.com,Male,36,Handball,Senderismo,Daily
849,Inna,Ducroe,iducroenk@newsvine.com,Female,66,Trecking,Volley,Monthly
850,Ewart,Purse,epursenl@netvibes.com,Male,55,Senderismo,Trecking,Seldom
851,Rubin,Spratt,rsprattnm@dagondesign.com,Male,19,Ciclismo,Running,Daily
852,Bobbee,Gyurkovics,bgyurkovicsnn@ovh.net,Non-binary,53,Volley,Running,Once
853,Wilie,Rastrick,wrastrickno@merriam-webster.com,Female,47,Running,Natación,Often
854,Madelene,Teal,mtealnp@mashable.com,Female,67,Handball,Senderismo,Daily
855,Arnoldo,Tournie,atournienq@ebay.co.uk,Male,35,Senderismo,Tennis,Monthly
856,Leigha,Huglin,lhuglinnr@yahoo.com,Female,38,Tennis,Natación,Daily
857,Roddie,Eadmeads,readmeadsns@ask.com,Male,27,Rafting,Ciclismo,Seldom
858,Evelin,Verbeke,everbekent@umich.edu,Male,54,Rafting,Tennis,Never
859,Izzy,Benedite,ibeneditenu@amazon.co.jp,Male,18,Senderismo,Ciclismo,Monthly
860,Roxana,Labden,rlabdennv@walmart.com,Non-binary,63,Tennis,Natación,Often
861,Dagny,Purkis,dpurkisnw@acquirethisname.com,Male,42,Trecking,Senderismo,Never
862,Russ,Filmer,rfilmernx@desdev.cn,Male,49,Running,Rafting,Weekly
863,Arturo,Rollitt,arollittny@zdnet.com,Male,37,Handball,Tennis,Often
864,Alana,Livoir,alivoirnz@ca.gov,Female,47,Rafting,Ciclismo,Once
865,Ferrel,Lilburn,flilburno0@auda.org.au,Male,64,Tennis,Trecking,Often
866,Derrik,Ayto,daytoo1@illinois.edu,Male,55,Ciclismo,Rafting,Monthly
867,Doralyn,Munkton,dmunktono2@lycos.com,Female,47,Trecking,Rafting,Once
868,Felipe,Thouless,fthoulesso3@yahoo.com,Genderfluid,62,Handball,Trecking,Seldom
869,Doy,Lacer,dlacero4@wordpress.org,Male,19,Fútbol,Tennis,Never
870,Chloe,Toby,ctobyo5@businesswire.com,Female,36,Running,Natación,Seldom
871,Mandel,Gornall,mgornallo6@amazon.co.uk,Male,34,Natación,Volley,Often
872,Lisle,Espinos,lespinoso7@skyrock.com,Male,57,Senderismo,Tennis,Seldom
873,Clementia,Lidgertwood,clidgertwoodo8@vinaora.com,Female,41,Ciclismo,Natación,Seldom
874,Blancha,O'Hagan,bohagano9@livejournal.com,Female,51,Rafting,Fútbol,Yearly
875,Brent,Scane,bscaneoa@addthis.com,Male,63,Natación,Handball,Daily
876,Gibbie,Runchman,grunchmanob@constantcontact.com,Male,34,Natación,Trecking,Weekly
877,Glynis,Ouver,gouveroc@xing.com,Female,20,Fútbol,Running,Never
878,Noel,Broose,nbrooseod@sakura.ne.jp,Male,66,Senderismo,Volley,Once
879,Georgiana,Robjohns,grobjohnsoe@instagram.com,Female,26,Rafting,Fútbol,Monthly
880,Kimberlyn,McParlin,kmcparlinof@artisteer.com,Female,50,Natación,Running,Monthly
881,Kenny,Woodger,kwoodgerog@globo.com,Male,70,Natación,Trecking,Seldom
882,Jamie,Dearnly,jdearnlyoh@topsy.com,Female,33,Tennis,Senderismo,Daily
883,Skyler,Jakov,sjakovoi@clickbank.net,Genderfluid,25,Natación,Handball,Daily
884,Glory,Matteoni,gmatteonioj@slashdot.org,Female,49,Fútbol,Running,Monthly
885,Jean,Healey,jhealeyok@narod.ru,Male,19,Ciclismo,Handball,Once
886,Christiane,O'Corhane,cocorhaneol@typepad.com,Agender,30,Ciclismo,Senderismo,Weekly
887,Idelle,Leighfield,ileighfieldom@mit.edu,Genderqueer,47,Trecking,Handball,Never
888,Bettye,Craze,bcrazeon@canalblog.com,Female,21,Natación,Rafting,Monthly
889,Alick,Le Brom,alebromoo@trellian.com,Male,32,Tennis,Basketball,Often
890,Gina,Winter,gwinterop@zimbio.com,Female,19,Ciclismo,Handball,Daily
891,Charis,Goricke,cgorickeoq@bravesites.com,Female,61,Senderismo,Tennis,Often
892,Ronnie,Bernaciak,rbernaciakor@howstuffworks.com,Female,40,Senderismo,Handball,Yearly
893,Daron,Raysdale,draysdaleos@nbcnews.com,Male,63,Volley,Trecking,Weekly
894,Rhodie,Emblen,remblenot@mtv.com,Female,26,Volley,Rafting,Monthly
895,Bordy,Smallwood,bsmallwoodou@ebay.co.uk,Male,23,Fútbol,Ciclismo,Weekly
896,Abey,Freeborne,afreeborneov@wsj.com,Male,18,Volley,Ciclismo,Monthly
897,Libbey,Essame,lessameow@typepad.com,Female,44,Handball,Volley,Weekly
898,Lark,Reeders,lreedersox@abc.net.au,Female,38,Volley,Tennis,Seldom
899,Lisabeth,Klimpke,lklimpkeoy@whitehouse.gov,Female,43,Ciclismo,Handball,Often
900,Myriam,Izat,mizatoz@huffingtonpost.com,Female,49,Running,Fútbol,Never
901,Sonny,Duetschens,sduetschensp0@about.com,Female,27,Trecking,Volley,Weekly
902,Hestia,Georghiou,hgeorghioup1@utexas.edu,Female,32,Tennis,Natación,Seldom
903,Giffie,Longland,glonglandp2@nbcnews.com,Male,68,Tennis,Trecking,Never
904,Jase,MacLise,jmaclisep3@dailymotion.com,Male,63,Natación,Volley,Monthly
905,Innis,Gherardi,igherardip4@hexun.com,Male,69,Tennis,Trecking,Once
906,Roseanne,Ewbank,rewbankp5@loc.gov,Female,48,Tennis,Senderismo,Weekly
907,Yolanda,Remmer,yremmerp6@independent.co.uk,Female,22,Tennis,Handball,Never
908,Joachim,MacCrann,jmaccrannp7@mapy.cz,Agender,25,Rafting,Handball,Once
909,Bertine,Weyland,bweylandp8@chicagotribune.com,Female,34,Volley,Fútbol,Monthly
910,Merrile,Gingold,mgingoldp9@myspace.com,Female,59,Trecking,Ciclismo,Daily
911,Gris,Swindells,gswindellspa@slate.com,Male,49,Running,Handball,Monthly
912,Allayne,O'Sheilds,aosheildspb@fc2.com,Male,54,Ciclismo,Tennis,Monthly
913,Hiram,Hughland,hhughlandpc@mlb.com,Genderfluid,45,Tennis,Ciclismo,Once
914,Kylie,Averies,kaveriespd@marketwatch.com,Female,60,Ciclismo,Trecking,Daily
915,Liv,Tarbin,ltarbinpe@vk.com,Female,35,Tennis,Running,Often
916,Anselm,O'Dowd,aodowdpf@oakley.com,Genderqueer,27,Handball,Ciclismo,Never
917,Ulberto,Yelden,uyeldenpg@columbia.edu,Male,70,Fútbol,Rafting,Never
918,Markus,Alcock,malcockph@simplemachines.org,Male,20,Running,Rafting,Often
919,Mireielle,Almeida,malmeidapi@discuz.net,Bigender,43,Handball,Senderismo,Seldom
920,Jolie,Channing,jchanningpj@reference.com,Female,33,Volley,Ciclismo,Often
921,Ermanno,Kidstoun,ekidstounpk@jugem.jp,Male,52,Tennis,Natación,Never
922,Carson,Blackaby,cblackabypl@dyndns.org,Male,36,Trecking,Senderismo,Daily
923,Ainslie,Simonassi,asimonassipm@telegraph.co.uk,Female,66,Volley,Senderismo,Daily
924,Any,Atling,aatlingpn@blog.com,Male,34,Fútbol,,Weekly
925,Galina,Strewthers,gstrewtherspo@instagram.com,Female,23,Volley,Trecking,Often
926,Bone,Roberds,broberdspp@cnn.com,Male,48,Natación,Trecking,Monthly
927,Scarlett,Alstead,salsteadpq@blogger.com,Female,48,Running,Tennis,Daily
928,Adore,Rummer,arummerpr@themeforest.net,Female,24,Rafting,Ciclismo,Seldom
929,Roddie,Huband,rhubandps@privacy.gov.au,Male,21,Natación,Fútbol,Daily
930,Karel,Vero,kveropt@yellowpages.com,Male,64,Senderismo,Rafting,Yearly
931,Robbie,Devo,rdevopu@over-blog.com,Male,28,Running,Tennis,Once
932,Robbie,Josling,rjoslingpv@shareasale.com,Male,61,Running,Tennis,Never
933,Ollie,Chinery,ochinerypw@webeden.co.uk,Female,58,Running,Basketball,Daily
934,Elyse,Brundill,ebrundillpx@baidu.com,Female,33,Rafting,Senderismo,Yearly
935,Christoforo,Balchin,cbalchinpy@chronoengine.com,Male,33,Tennis,Handball,Daily
936,Thaxter,Burwell,tburwellpz@oracle.com,Male,38,Running,Rafting,Daily
937,Gordan,Balcombe,gbalcombeq0@google.de,Male,69,Running,Senderismo,Never
938,Gayleen,Lodwick,glodwickq1@netscape.com,Female,22,Running,Handball,Once
939,Salim,Wallentin,swallentinq2@foxnews.com,Male,50,Tennis,Volley,Once
940,Chere,Looks,clooksq3@cargocollective.com,Agender,19,Natación,Fútbol,Daily
941,Christoper,Nequest,cnequestq4@go.com,Male,38,Natación,Basketball,Daily
942,Fredra,Westmorland,fwestmorlandq5@google.co.jp,Female,22,Rafting,Natación,Once
943,Broderic,Zanetto,bzanettoq6@sina.com.cn,Male,30,Trecking,Ciclismo,Never
944,Faulkner,Wort,fwortq7@wired.com,Male,36,Senderismo,Natación,Yearly
945,Jerrold,Kindle,jkindleq8@slideshare.net,Male,31,Handball,Volley,Seldom
946,Rosalinde,Dubery,rduberyq9@newsvine.com,Female,51,Running,Volley,Once
947,Mack,Corain,mcorainqa@mlb.com,Male,26,Handball,Ciclismo,Often
948,Willyt,Endrici,wendriciqb@tripod.com,Female,27,Handball,Fútbol,Once
949,Willie,Howlings,whowlingsqc@timesonline.co.uk,Male,61,Volley,Senderismo,Daily
950,Issy,Butrimovich,ibutrimovichqd@cnbc.com,Female,22,Trecking,Running,Once
951,Ax,Hutchence,ahutchenceqe@webeden.co.uk,Male,50,Fútbol,Tennis,Daily
952,Kingsley,Burchard,kburchardqf@1688.com,Male,30,Senderismo,Volley,Daily
953,Zedekiah,Hubbins,zhubbinsqg@friendfeed.com,Male,37,Running,Fútbol,Once
954,Lurline,Reason,lreasonqh@biglobe.ne.jp,Female,19,Ciclismo,Volley,Often
955,Edsel,Riggey,eriggeyqi@cmu.edu,Male,28,Volley,Rafting,Never
956,Tiphani,Curtois,tcurtoisqj@ihg.com,Female,67,Rafting,Running,Once
957,Serge,Raffin,sraffinqk@sina.com.cn,Male,30,Ciclismo,Natación,Daily
958,Edouard,Kirvell,ekirvellql@tuttocitta.it,Male,39,Tennis,Volley,Daily
959,Sasha,Tookey,stookeyqm@hao123.com,Male,48,Ciclismo,Senderismo,Daily
960,Harper,Pigford,hpigfordqn@yahoo.co.jp,Male,42,Ciclismo,Handball,Never
961,Darbie,Birkenhead,dbirkenheadqo@japanpost.jp,Genderqueer,48,Running,Tennis,Often
962,Kikelia,Villaret,kvillaretqp@wired.com,Female,49,Running,Tennis,Often
963,Ezekiel,Wynrehame,ewynrehameqq@cnn.com,Male,23,Tennis,Handball,Often
964,Shir,Winsome,swinsomeqr@privacy.gov.au,Female,40,Rafting,Trecking,Once
965,Oates,Daborn,odabornqs@wufoo.com,Male,60,Fútbol,Basketball,Seldom
966,Darice,Mecco,dmeccoqt@digg.com,Female,28,Rafting,Trecking,Monthly
967,Heddie,Stokey,hstokeyqu@dagondesign.com,Female,41,Ciclismo,Trecking,Weekly
968,Zilvia,Lazenby,zlazenbyqv@arizona.edu,Female,32,Senderismo,Tennis,Yearly
969,Barn,Crohan,bcrohanqw@mozilla.org,Male,33,Fútbol,Trecking,Once
970,Rikki,Klemensiewicz,rklemensiewiczqx@wunderground.com,Male,43,Fútbol,Handball,Often
971,Richmound,Rake,rrakeqy@hao123.com,Male,52,Ciclismo,Natación,Daily
972,Kaine,Orrill,korrillqz@aboutads.info,Male,54,Tennis,Trecking,Monthly
973,Cullie,Huguet,chuguetr0@cnn.com,Genderqueer,29,Natación,Fútbol,Seldom
974,Torey,McCray,tmccrayr1@twitter.com,Male,56,Volley,Natación,Daily
975,Conni,Witnall,cwitnallr2@house.gov,Female,48,Natación,Handball,Daily
976,Essa,Drever,edreverr3@hp.com,Polygender,50,Running,Tennis,Often
977,Ichabod,Paike,ipaiker4@merriam-webster.com,Male,65,Tennis,Trecking,Once
978,Albina,Birdsey,abirdseyr5@typepad.com,Female,60,Ciclismo,Natación,Once
979,Wittie,Boat,wboatr6@nhs.uk,Male,58,Ciclismo,Fútbol,Seldom
980,Randee,Gilley,rgilleyr7@twitter.com,Female,43,Tennis,Handball,Daily
981,Annecorinne,Banaszkiewicz,abanaszkiewiczr8@issuu.com,Female,51,Running,Senderismo,Daily
982,Tobie,Hoppner,thoppnerr9@stumbleupon.com,Male,54,Running,Volley,Weekly
983,Theodosia,Goodright,tgoodrightra@alibaba.com,Female,44,Natación,Handball,Daily
984,Dalis,Cazalet,dcazaletrb@huffingtonpost.com,Male,39,Senderismo,Ciclismo,Never
985,Niels,Asipenko,nasipenkorc@deviantart.com,Male,63,Ciclismo,Running,Daily
986,Gwyneth,Ferns,gfernsrd@arizona.edu,Female,63,Ciclismo,Tennis,Daily
987,Ashby,Kisbee,akisbeere@51.la,Genderqueer,48,Natación,Trecking,Daily
988,Mureil,Fritchley,mfritchleyrf@buzzfeed.com,Female,36,Volley,Natación,Once
989,Gwendolyn,Legh,gleghrg@bbc.co.uk,Female,51,Handball,Volley,Often
990,Cirilo,Gauche,cgaucherh@mediafire.com,Male,48,Trecking,Natación,Daily
991,Cordy,Cleobury,ccleoburyri@eepurl.com,Male,68,Handball,Tennis,Weekly
992,Emelia,Yokley,eyokleyrj@merriam-webster.com,Female,35,Trecking,Natación,Daily
993,Tobi,Murby,tmurbyrk@joomla.org,Female,40,Volley,Running,Seldom
994,Tracie,Golton,tgoltonrl@wordpress.com,Male,51,Tennis,Senderismo,Often
995,Dania,Biddleston,dbiddlestonrm@sogou.com,Female,39,Ciclismo,Handball,Monthly
996,Patty,Isack,pisackrn@behance.net,Male,18,Running,Rafting,Weekly
997,Estrellita,Ambrosoni,eambrosoniro@nifty.com,Female,32,Rafting,Volley,Monthly
998,Wesley,Aglione,waglionerp@pbs.org,Male,59,Running,Fútbol,Monthly
999,Lexy,Denton,ldentonrq@storify.com,Female,32,Ciclismo,Natación,Monthly
1000,Reed,Varlow,rvarlowrr@wikispaces.com,Male,22,Tennis,Rafting,Daily
